timestamp,TECell_PV,PSCurrent_PV,PSVoltage_PV,FT201_PV,HTR201_PV,TE201_PV,CT201_PV,CT210_PV,Cell1_Voltage,Cell2_Voltage,Cell3_Voltage,PT201_PV,PT302_PV,HCD220_PV,step
2025-09-26T13:05:58.748Z,59.8,0,0,50.4,0,60,0,0,0,0,0,0,0,0,24
2025-09-26T13:05:59.747Z,59.8,0,0,49.6,0,60,0,0,0,0,0,0,0,0,24
2025-09-26T13:06:00.745Z,59.8,15.9,2.202,50.4,0,60,0,0,0,0,0,0,0,0,24
2025-09-26T13:06:01.748Z,59.8,15.7,1.278,49.6,0,60,0,0,0,0,0,0,0,0,24
2025-09-26T13:06:02.748Z,59.8,15.7,0.866,50.4,0,60,0,0,0,0,0,0,0,0,24
2025-09-26T13:06:03.750Z,59.8,15.7,0.264,49.6,0,60,0,0,0,0,0,0,0,0,1
2025-09-26T13:06:04.750Z,59.8,0.1,0.479,50.4,0,60,0,0,0,0,0,0,0,0,1
2025-09-26T13:06:05.754Z,59.8,0.1,0.625,49.6,0,60,0,0,0,0,0,0,0,0,1
2025-09-26T13:06:06.752Z,59.8,0.1,0.754,50.4,0,60,0,0,0,0,0,0,0,0,1
2025-09-26T13:06:07.753Z,59.8,0.1,0.87,49.6,0,60,0,0,0,0,0,0,0,0,1
2025-09-26T13:06:08.751Z,59.8,0.1,0.977,50.4,0,60,0,0,0,0,0,0,0,0,1
2025-09-26T13:06:09.755Z,59.8,0.1,1.055,49.6,0,60,0,0,0,0,0,0,0,0,1
2025-09-26T13:06:10.757Z,59.7,0.1,1.125,49.6,0,60,0,0,0,0,0,0,0,0,1
2025-09-26T13:06:11.764Z,59.7,0.1,1.176,50.4,0,60,0,0,0,0,0,0,0,0,1
2025-09-26T13:06:12.759Z,59.7,0.1,1.229,49.6,0,60,0,0,0,0,0,0,0,0,1
2025-09-26T13:06:13.762Z,59.7,0.1,1.289,50.4,0,60,0,0,0,0,0,0,0,0,1
2025-09-26T13:06:14.760Z,59.7,0.1,1.345,49.6,0,60,0,0,0,0,0,0,0,0,1
2025-09-26T13:06:15.763Z,59.7,0.1,1.39,50.4,0,60,0,0,0,0,0,0,0,0,1
2025-09-26T13:06:16.759Z,59.7,0.1,1.419,49.6,0,60.1,0,0,0,0,0,0,0,0,1
2025-09-26T13:06:17.763Z,59.7,0.1,1.44,49.6,0,60.1,0,0,0,0,0,0,0,0,1
2025-09-26T13:06:18.762Z,59.7,0.1,1.458,50.4,0,60.1,0,0,0,0,0,0,0,0,1
2025-09-26T13:06:19.762Z,59.7,0.1,1.475,49.6,0,60.1,0,0,0,0,0,0,0,0,1
2025-09-26T13:06:20.778Z,59.7,0.1,1.488,50.4,0,60.1,0,0,0,0,0,0,0,0,1
2025-09-26T13:06:21.764Z,59.7,0.1,1.5,49.6,0,60.1,0,0,0,0,0,0,0,0,1
2025-09-26T13:06:22.762Z,59.7,0.1,1.508,50.4,0,60.1,0,0,0,0,0,0,0,0,1
2025-09-26T13:06:23.762Z,59.7,0.1,1.514,49.6,0,60.1,0,0,0,0,0,0,0,0,1
2025-09-26T13:06:24.761Z,59.7,0.1,1.517,50.4,0,60.1,0,0,0,0,0,0,0,0,1
2025-09-26T13:06:25.764Z,59.7,0.1,1.517,49.6,0,60.1,0,0,0,0,0,0,0,0,1
2025-09-26T13:06:26.763Z,59.7,0.1,1.518,50.4,0,60.1,0,0,0,0,0,0,0,0,1
2025-09-26T13:06:27.766Z,59.7,0.1,1.519,49.6,0,60.1,0,0,0,0,0,0,0,0,1
2025-09-26T13:06:28.764Z,59.7,0.1,1.519,50.4,0,60.1,0,0,0,0,0,0,0,0,1
2025-09-26T13:06:29.767Z,59.7,0.1,1.519,49.6,0,60.1,0,0,0,0,0,0,0,0,1
2025-09-26T13:06:30.768Z,59.7,0.1,1.519,50.4,0,60.1,0,0,0,0,0,0,0,0,1
2025-09-26T13:06:31.769Z,59.7,0.1,1.519,49.6,0,60.1,0,0,0,0,0,0,0,0,1
2025-09-26T13:06:32.766Z,59.7,0.1,1.52,50.4,0,60.1,0,0,0,0,0,0,0,0,1
2025-09-26T13:06:33.770Z,59.7,0.1,1.52,49.6,0,60.1,0,0,0,0,0,0,0,0,1
2025-09-26T13:06:34.775Z,59.7,0.1,1.52,49.6,0,60.1,0,0,0,0,0,0,0,0,1
2025-09-26T13:06:35.776Z,59.7,0.1,1.52,50.4,0,60.1,0,0,0,0,0,0,0,0,1
2025-09-26T13:06:36.772Z,59.7,0.1,1.52,49.6,0,60.1,0,0,0,0,0,0,0,0,1
2025-09-26T13:06:37.775Z,59.7,0.1,1.52,50.4,0,60.1,0,0,0,0,0,0,0,0,1
2025-09-26T13:06:38.777Z,59.6,0.1,1.521,49.6,0,60.1,0,0,0,0,0,0,0,0,1
2025-09-26T13:06:39.774Z,59.6,0.1,1.521,50.4,0,60.1,0,0,0,0,0,0,0,0,1
2025-09-26T13:06:40.778Z,59.6,0.1,1.52,49.6,0,60.1,0,0,0,0,0,0,0,0,1
2025-09-26T13:06:41.777Z,59.6,0.1,1.521,50.4,0,60.1,0,0,0,0,0,0,0,0,1
2025-09-26T13:06:42.780Z,59.6,0.1,1.521,49.6,0,60.1,0,0,0,0,0,0,0,0,1
2025-09-26T13:06:43.781Z,59.6,0.1,1.522,50.4,0,60.1,0,0,0,0,0,0,0,0,1
2025-09-26T13:06:44.777Z,59.6,0.1,1.522,49.6,0,60.1,0,0,0,0,0,0,0,0,1
2025-09-26T13:06:45.783Z,59.6,0.1,1.521,50.4,0,60.1,0,0,0,0,0,0,0,0,1
2025-09-26T13:06:46.773Z,59.6,0.1,1.522,49.6,0,60.1,0,0,0,0,0,0,0,0,1
2025-09-26T13:06:47.773Z,59.6,0.1,1.522,50.4,0,60.2,0,0,0,0,0,0,0,0,1
2025-09-26T13:06:48.778Z,59.6,0.1,1.522,49.6,0,60.2,0,0,0,0,0,0,0,0,1
2025-09-26T13:06:49.782Z,59.6,0.1,1.522,50.4,0,60.2,0,0,0,0,0,0,0,0,1
2025-09-26T13:06:50.781Z,59.6,0.1,1.522,49.6,0,60.2,0,0,0,0,0,0,0,0,1
2025-09-26T13:06:51.783Z,59.6,0.1,1.522,50.4,0,60.2,0,0,0,0,0,0,0,0,1
2025-09-26T13:06:52.781Z,59.6,0.1,1.522,49.6,0,60.2,0,0,0,0,0,0,0,0,1
2025-09-26T13:06:53.782Z,59.6,0.1,1.522,49.6,0,60.2,0,0,0,0,0,0,0,0,1
2025-09-26T13:06:54.784Z,59.6,0.1,1.522,49.6,0,60.2,0,0,0,0,0,0,0,0,1
2025-09-26T13:06:55.786Z,59.6,0.1,1.522,49.6,0,60.2,0,0,0,0,0,0,0,0,1
2025-09-26T13:06:56.786Z,59.6,0.1,1.522,50.4,0,60.2,0,0,0,0,0,0,0,0,1
2025-09-26T13:06:57.784Z,59.6,0.1,1.522,49.6,0,60.2,0,0,0,0,0,0,0,0,1
2025-09-26T13:06:58.789Z,59.6,0.1,1.522,50.4,0,60.2,0,0,0,0,0,0,0,0,1
2025-09-26T13:06:59.786Z,59.6,0.1,1.522,49.6,0,60.2,0,0,0,0,0,0,0,0,1
2025-09-26T13:07:00.791Z,59.6,0.1,1.522,50.4,0,60.2,0,0,0,0,0,0,0,0,1
2025-09-26T13:07:01.789Z,59.6,0.1,1.522,49.6,0,60.2,0,0,0,0,0,0,0,0,1
2025-09-26T13:07:02.793Z,59.6,0.1,1.521,50.4,0,60.2,0,0,0,0,0,0,0,0,1
2025-09-26T13:07:03.793Z,59.6,0.1,1.522,49.6,0,60.2,0,0,0,0,0,0,0,0,1
2025-09-26T13:07:04.789Z,59.6,0.1,1.522,50.4,0,60.2,0,0,0,0,0,0,0,0,1
2025-09-26T13:07:05.793Z,59.6,0.1,1.522,49.6,0,60.2,0,0,0,0,0,0,0,0,1
2025-09-26T13:07:06.795Z,59.6,0.1,1.522,50.4,0,60.2,0,0,0,0,0,0,0,0,1
2025-09-26T13:07:07.796Z,59.6,0.1,1.522,49.6,0,60.2,0,0,0,0,0,0,0,0,1
2025-09-26T13:07:08.792Z,59.6,0.1,1.522,49.6,0,60.3,0,0,0,0,0,0,0,0,1
2025-09-26T13:07:09.797Z,59.6,0.1,1.522,50.4,0,60.3,0,0,0,0,0,0,0,0,1
2025-09-26T13:07:10.798Z,59.6,0.1,1.522,49.6,0,60.3,0,0,0,0,0,0,0,0,1
2025-09-26T13:07:11.795Z,59.6,0.1,1.522,49.6,0,60.3,0,0,0,0,0,0,0,0,1
2025-09-26T13:07:12.792Z,59.6,0.1,1.522,49.6,0,60.3,0,0,0,0,0,0,0,0,1
2025-09-26T13:07:13.796Z,59.5,0.1,1.522,50.4,0,60.3,0,0,0,0,0,0,0,0,1
2025-09-26T13:07:14.795Z,59.5,0.1,1.522,50.4,0,60.3,0,0,0,0,0,0,0,0,1
2025-09-26T13:07:15.796Z,59.5,0.1,1.522,49.6,0,60.3,0,0,0,0,0,0,0,0,1
2025-09-26T13:07:16.797Z,59.5,0.1,1.522,50.4,0,60.3,0,0,0,0,0,0,0,0,1
2025-09-26T13:07:17.799Z,59.5,0.1,1.522,49.6,0,60.3,0,0,0,0,0,0,0,0,1
2025-09-26T13:07:18.802Z,59.5,0.1,1.522,50.4,0,60.3,0,0,0,0,0,0,0,0,1
2025-09-26T13:07:19.804Z,59.5,0.1,1.522,49.6,0,60.3,0,0,0,0,0,0,0,0,1
2025-09-26T13:07:20.801Z,59.5,0.1,1.522,50.4,0,60.3,0,0,0,0,0,0,0,0,1
2025-09-26T13:07:21.799Z,59.5,0.1,1.522,49.6,0,60.3,0,0,0,0,0,0,0,0,1
2025-09-26T13:07:22.810Z,59.5,0.1,1.522,50.4,0,60.3,0,0,0,0,0,0,0,0,1
2025-09-26T13:07:23.799Z,59.5,0.1,1.522,49.6,0,60.3,0,0,0,0,0,0,0,0,1
2025-09-26T13:07:24.805Z,59.5,0.1,1.522,50.4,0,60.3,0,0,0,0,0,0,0,0,1
2025-09-26T13:07:25.803Z,59.5,0.1,1.522,49.6,0,60.3,0,0,0,0,0,0,0,0,1
2025-09-26T13:07:26.806Z,59.5,0.1,1.523,50.4,0,60.3,0,0,0,0,0,0,0,0,1
2025-09-26T13:07:27.807Z,59.5,0.1,1.522,49.6,0,60.3,0,0,0,0,0,0,0,0,1
2025-09-26T13:07:28.801Z,59.5,0.1,1.522,49.6,0,60.3,0,0,0,0,0,0,0,0,1
2025-09-26T13:07:29.809Z,59.5,0.1,1.522,50.4,0,60.3,0,0,0,0,0,0,0,0,1
2025-09-26T13:07:30.808Z,59.5,0.1,1.523,49.6,0,60.3,0,0,0,0,0,0,0,0,1
2025-09-26T13:07:31.811Z,59.5,0.1,1.522,50.4,0,60.3,0,0,0,0,0,0,0,0,1
2025-09-26T13:07:32.813Z,59.5,0.1,1.522,49.6,0,60.3,0,0,0,0,0,0,0,0,1
2025-09-26T13:07:33.811Z,59.5,0.1,1.522,50.4,0,60.3,0,0,0,0,0,0,0,0,1
2025-09-26T13:07:34.819Z,59.5,0.1,1.522,49.6,0,60.3,0,0,0,0,0,0,0,0,1
2025-09-26T13:07:35.815Z,59.5,0.1,1.522,49.6,0,60.3,0,0,0,0,0,0,0,0,1
2025-09-26T13:07:36.815Z,59.5,0.1,1.522,50.4,0,60.3,0,0,0,0,0,0,0,0,1
2025-09-26T13:07:37.814Z,59.5,0.1,1.522,49.6,0,60.3,0,0,0,0,0,0,0,0,1
2025-09-26T13:07:38.819Z,59.5,0.1,1.522,50.4,0,60.3,0,0,0,0,0,0,0,0,1
2025-09-26T13:07:39.814Z,59.5,0.1,1.522,49.6,0,60.3,0,0,0,0,0,0,0,0,1
2025-09-26T13:07:40.818Z,59.5,0.1,1.522,49.6,0,60.3,0,0,0,0,0,0,0,0,1
2025-09-26T13:07:41.818Z,59.5,0.1,1.522,50.4,0,60.3,0,0,0,0,0,0,0,0,1
2025-09-26T13:07:42.823Z,59.5,0.1,1.522,49.6,0,60.3,0,0,0,0,0,0,0,0,1
2025-09-26T13:07:43.823Z,59.5,0.1,1.522,50.4,0,60.3,0,0,0,0,0,0,0,0,1
2025-09-26T13:07:44.814Z,59.5,0.1,1.522,49.6,0,60.4,0,0,0,0,0,0,0,0,1
2025-09-26T13:07:45.826Z,59.5,0.1,1.522,50.4,0,60.4,0,0,0,0,0,0,0,0,1
2025-09-26T13:07:46.818Z,59.5,0.1,1.522,50.4,0,60.4,0,0,0,0,0,0,0,0,1
2025-09-26T13:07:47.821Z,59.4,0.1,1.522,49.6,0,60.4,0,0,0,0,0,0,0,0,1
2025-09-26T13:07:48.820Z,59.4,0.1,1.522,50.4,0,60.4,0,0,0,0,0,0,0,0,1
2025-09-26T13:07:49.826Z,59.4,0.1,1.521,49.6,0,60.4,0,0,0,0,0,0,0,0,1
2025-09-26T13:07:50.823Z,59.4,0.1,1.522,50.4,0,60.4,0,0,0,0,0,0,0,0,1
2025-09-26T13:07:51.825Z,59.4,0.1,1.522,49.6,0,60.4,0,0,0,0,0,0,0,0,1
2025-09-26T13:07:52.830Z,59.4,0.1,1.521,50.4,0,60.4,0,0,0,0,0,0,0,0,1
2025-09-26T13:07:53.828Z,59.4,0.1,1.522,49.6,0,60.4,0,0,0,0,0,0,0,0,1
2025-09-26T13:07:54.826Z,59.4,0.1,1.521,50.4,0,60.4,0,0,0,0,0,0,0,0,1
2025-09-26T13:07:55.829Z,59.4,0.1,1.521,49.6,0,60.4,0,0,0,0,0,0,0,0,1
2025-09-26T13:07:56.826Z,59.4,0.1,1.521,50.4,0,60.4,0,0,0,0,0,0,0,0,1
2025-09-26T13:07:57.826Z,59.4,0.1,1.521,49.6,0,60.4,0,0,0,0,0,0,0,0,1
2025-09-26T13:07:58.828Z,59.4,0.1,1.521,50.4,0,60.4,0,0,0,0,0,0,0,0,1
2025-09-26T13:07:59.826Z,59.4,0.1,1.521,49.6,0,60.4,0,0,0,0,0,0,0,0,1
2025-09-26T13:08:00.832Z,59.4,0.1,1.521,50.4,0,60.4,0,0,0,0,0,0,0,0,1
2025-09-26T13:08:01.827Z,59.4,0.1,1.522,49.6,0,60.4,0,0,0,0,0,0,0,0,1
2025-09-26T13:08:02.830Z,59.4,0.1,1.521,50.4,0,60.4,0,0,0,0,0,0,0,0,1
2025-09-26T13:08:03.829Z,59.4,0.1,1.521,49.6,0,60.4,0,0,0,0,0,0,0,0,1
2025-09-26T13:08:04.828Z,59.4,0.1,1.522,50.4,0,60.4,0,0,0,0,0,0,0,0,1
2025-09-26T13:08:05.829Z,59.4,0.1,1.522,49.6,0,60.4,0,0,0,0,0,0,0,0,1
2025-09-26T13:08:06.833Z,59.4,0.1,1.521,50.4,0,60.4,0,0,0,0,0,0,0,0,1
2025-09-26T13:08:07.831Z,59.4,0.1,1.522,49.6,0,60.4,0,0,0,0,0,0,0,0,1
2025-09-26T13:08:08.833Z,59.4,0.1,1.521,50.4,0,60.4,0,0,0,0,0,0,0,0,1
2025-09-26T13:08:09.837Z,59.4,0.1,1.521,49.6,0,60.4,0,0,0,0,0,0,0,0,1
2025-09-26T13:08:10.839Z,59.4,0.1,1.521,50.4,0,60.4,0,0,0,0,0,0,0,0,1
2025-09-26T13:08:11.835Z,59.4,0.1,1.521,49.6,0,60.4,0,0,0,0,0,0,0,0,1
2025-09-26T13:08:12.837Z,59.4,0.1,1.522,49.6,0,60.4,0,0,0,0,0,0,0,0,1
2025-09-26T13:08:13.838Z,59.4,0.1,1.521,50.4,0,60.4,0,0,0,0,0,0,0,0,1
2025-09-26T13:08:14.838Z,59.4,0.1,1.521,49.6,0,60.4,0,0,0,0,0,0,0,0,1
2025-09-26T13:08:15.837Z,59.4,0.1,1.521,50.4,0,60.4,0,0,0,0,0,0,0,0,1
2025-09-26T13:08:16.843Z,59.4,0.1,1.521,49.6,0,60.4,0,0,0,0,0,0,0,0,1
2025-09-26T13:08:17.843Z,59.4,0.1,1.522,50.4,0,60.4,0,0,0,0,0,0,0,0,1
2025-09-26T13:08:18.839Z,59.4,0.1,1.522,49.6,0,60.4,0,0,0,0,0,0,0,0,1
2025-09-26T13:08:19.839Z,59.4,0.1,1.522,50.4,0,60.4,0,0,0,0,0,0,0,0,1
2025-09-26T13:08:20.841Z,59.4,0.1,1.522,49.6,0,60.4,0,0,0,0,0,0,0,0,1
2025-09-26T13:08:21.839Z,59.4,0.1,1.522,49.6,0,60.4,0,0,0,0,0,0,0,0,1
2025-09-26T13:08:22.844Z,59.4,0.1,1.522,50.4,0,60.4,0,0,0,0,0,0,0,0,1
2025-09-26T13:08:23.842Z,59.4,0.1,1.522,49.6,0,60.4,0,0,0,0,0,0,0,0,1
2025-09-26T13:08:24.842Z,59.4,0.1,1.522,50.4,0,60.4,0,0,0,0,0,0,0,0,1
2025-09-26T13:08:25.845Z,59.4,0.1,1.522,49.6,0,60.4,0,0,0,0,0,0,0,0,1
2025-09-26T13:08:26.854Z,59.4,0.1,1.522,50.4,0,60.4,0,0,0,0,0,0,0,0,1
2025-09-26T13:08:27.846Z,59.4,0.1,1.521,49.6,0,60.4,0,0,0,0,0,0,0,0,1
2025-09-26T13:08:28.845Z,59.4,0.1,1.521,50.4,0,60.4,0,0,0,0,0,0,0,0,1
2025-09-26T13:08:29.848Z,59.4,0.1,1.521,49.6,0,60.4,0,0,0,0,0,0,0,0,1
2025-09-26T13:08:30.846Z,59.4,0.1,1.521,50.4,0,60.4,0,0,0,0,0,0,0,0,1
2025-09-26T13:08:31.850Z,59.4,0.1,1.52,49.6,0,60.4,0,0,0,0,0,0,0,0,1
2025-09-26T13:08:32.851Z,59.4,0.1,1.52,50.4,0,60.4,0,0,0,0,0,0,0,0,1
2025-09-26T13:08:33.852Z,59.4,0.1,1.519,49.6,0,60.4,0,0,0,0,0,0,0,0,1
2025-09-26T13:08:34.852Z,59.4,0.1,1.519,50.4,0,60.4,0,0,0,0,0,0,0,0,1
2025-09-26T13:08:35.854Z,59.4,0.1,1.519,49.6,0,60.4,0,0,0,0,0,0,0,0,1
2025-09-26T13:08:36.850Z,59.4,0.1,1.519,49.6,0,60.4,0,0,0,0,0,0,0,0,1
2025-09-26T13:08:37.858Z,59.4,0.1,1.519,50.4,0,60.4,0,0,0,0,0,0,0,0,1
2025-09-26T13:08:38.853Z,59.4,0.1,1.519,49.6,0,60.4,0,0,0,0,0,0,0,0,1
2025-09-26T13:08:39.852Z,59.4,0.1,1.519,50.4,0,60.4,0,0,0,0,0,0,0,0,1
2025-09-26T13:08:40.853Z,59.4,0.1,1.519,49.6,0,60.4,0,0,0,0,0,0,0,0,1
2025-09-26T13:08:41.856Z,59.4,0.1,1.519,50.4,0,60.4,0,0,0,0,0,0,0,0,1
2025-09-26T13:08:42.853Z,59.4,0.1,1.519,49.6,0,60.4,0,0,0,0,0,0,0,0,1
2025-09-26T13:08:43.859Z,59.4,0.1,1.519,49.6,0,60.4,0,0,0,0,0,0,0,0,1
2025-09-26T13:08:44.856Z,59.4,0.1,1.519,49.6,0,60.4,0,0,0,0,0,0,0,0,1
2025-09-26T13:08:45.860Z,59.4,0.1,1.519,50.4,0,60.4,0,0,0,0,0,0,0,0,1
2025-09-26T13:08:46.859Z,59.4,0.1,1.518,49.6,0,60.4,0,0,0,0,0,0,0,0,1
2025-09-26T13:08:47.857Z,59.4,0.1,1.519,50.4,0,60.4,0,0,0,0,0,0,0,0,1
2025-09-26T13:08:48.855Z,59.4,0.1,1.518,49.6,0,60.4,0,0,0,0,0,0,0,0,1
2025-09-26T13:08:49.862Z,59.4,0.1,1.518,50.4,0,60.4,0,0,0,0,0,0,0,0,1
2025-09-26T13:08:50.862Z,59.4,0.1,1.518,49.6,0,60.4,0,0,0,0,0,0,0,0,1
2025-09-26T13:08:51.862Z,59.4,0.1,1.518,50.4,0,60.4,0,0,0,0,0,0,0,0,1
2025-09-26T13:08:52.862Z,59.4,0.1,1.518,49.6,0,60.4,0,0,0,0,0,0,0,0,1
2025-09-26T13:08:53.862Z,59.4,0.1,1.518,50.4,0,60.4,0,0,0,0,0,0,0,0,1
2025-09-26T13:08:54.862Z,59.4,0.1,1.518,49.6,0,60.4,0,0,0,0,0,0,0,0,1
2025-09-26T13:08:55.865Z,59.4,0.1,1.518,50.4,0,60.4,0,0,0,0,0,0,0,0,1
2025-09-26T13:08:56.867Z,59.4,0.1,1.518,49.6,0,60.4,0,0,0,0,0,0,0,0,1
2025-09-26T13:08:57.867Z,59.4,0.1,1.518,50.4,0,60.4,0,0,0,0,0,0,0,0,1
2025-09-26T13:08:58.870Z,59.4,0.1,1.518,49.6,0,60.4,0,0,0,0,0,0,0,0,1
2025-09-26T13:08:59.871Z,59.4,0.1,1.518,49.6,0,60.4,0,0,0,0,0,0,0,0,1
2025-09-26T13:09:00.872Z,59.4,0.1,1.518,50.4,0,60.4,0,0,0,0,0,0,0,0,1
2025-09-26T13:09:01.873Z,59.4,0.1,1.518,49.6,0,60.4,0,0,0,0,0,0,0,0,1
2025-09-26T13:09:02.874Z,59.4,0.1,1.518,50.4,0,60.4,0,0,0,0,0,0,0,0,1
2025-09-26T13:09:03.876Z,59.4,0.1,1.518,49.6,0,60.4,0,0,0,0,0,0,0,0,1
2025-09-26T13:09:04.874Z,59.4,0.1,1.518,50.4,0,60.4,0,0,0,0,0,0,0,0,1
2025-09-26T13:09:05.875Z,59.4,0.1,1.518,49.6,0,60.4,0,0,0,0,0,0,0,0,1
2025-09-26T13:09:06.876Z,59.4,0.1,1.518,50.4,0,60.4,0,0,0,0,0,0,0,0,1
2025-09-26T13:09:07.876Z,59.4,0.1,1.518,49.6,0,60.4,0,0,0,0,0,0,0,0,1
2025-09-26T13:09:08.877Z,59.4,0.1,1.518,50.4,0,60.4,0,0,0,0,0,0,0,0,1
2025-09-26T13:09:09.875Z,59.4,0.1,1.518,49.6,0,60.4,0,0,0,0,0,0,0,0,1
2025-09-26T13:09:10.880Z,59.4,0.1,1.518,49.6,0,60.4,0,0,0,0,0,0,0,0,1
2025-09-26T13:09:11.876Z,59.4,0.1,1.518,50.4,0,60.4,0,0,0,0,0,0,0,0,1
2025-09-26T13:09:12.879Z,59.4,0.1,1.518,49.6,0,60.4,0,0,0,0,0,0,0,0,1
2025-09-26T13:09:13.880Z,59.4,0.1,1.518,50.4,0,60.4,0,0,0,0,0,0,0,0,1
2025-09-26T13:09:14.877Z,59.4,0.1,1.518,49.6,0,60.4,0,0,0,0,0,0,0,0,1
2025-09-26T13:09:15.879Z,59.4,0.1,1.518,50.4,0,60.4,0,0,0,0,0,0,0,0,1
2025-09-26T13:09:16.882Z,59.4,0.1,1.518,49.6,0,60.4,0,0,0,0,0,0,0,0,1
2025-09-26T13:09:17.881Z,59.4,0.1,1.518,50.4,0,60.4,0,0,0,0,0,0,0,0,1
2025-09-26T13:09:18.882Z,59.4,0.1,1.518,49.6,0,60.3,0,0,0,0,0,0,0,0,1
2025-09-26T13:09:19.878Z,59.4,0.1,1.518,50.4,0,60.3,0,0,0,0,0,0,0,0,1
2025-09-26T13:09:20.881Z,59.4,0.1,1.518,49.6,0,60.3,0,0,0,0,0,0,0,0,1
2025-09-26T13:09:21.882Z,59.4,0.1,1.518,50.4,0,60.3,0,0,0,0,0,0,0,0,1
2025-09-26T13:09:22.887Z,59.4,0.1,1.519,49.6,0,60.3,0,0,0,0,0,0,0,0,1
2025-09-26T13:09:23.883Z,59.4,0.1,1.518,50.4,0,60.3,0,0,0,0,0,0,0,0,1
2025-09-26T13:09:24.881Z,59.4,0.1,1.518,49.6,0,60.3,0,0,0,0,0,0,0,0,1
2025-09-26T13:09:25.885Z,59.4,0.1,1.518,49.6,0,60.3,0,0,0,0,0,0,0,0,1
2025-09-26T13:09:26.890Z,59.4,0.1,1.519,50.4,0,60.3,0,0,0,0,0,0,0,0,1
2025-09-26T13:09:27.881Z,59.4,0.1,1.518,49.6,0,60.3,0,0,0,0,0,0,0,0,1
2025-09-26T13:09:28.886Z,59.4,0.1,1.518,50.4,0,60.3,0,0,0,0,0,0,0,0,1
2025-09-26T13:09:29.883Z,59.5,0.1,1.518,49.6,0,60.3,0,0,0,0,0,0,0,0,1
2025-09-26T13:09:30.885Z,59.5,0.1,1.518,50.4,0,60.3,0,0,0,0,0,0,0,0,1
2025-09-26T13:09:31.890Z,59.5,0.1,1.518,49.6,0,60.3,0,0,0,0,0,0,0,0,1
2025-09-26T13:09:32.887Z,59.5,0.1,1.518,50.4,0,60.3,0,0,0,0,0,0,0,0,1
2025-09-26T13:09:33.887Z,59.5,0.1,1.518,49.6,0,60.3,0,0,0,0,0,0,0,0,1
2025-09-26T13:09:34.894Z,59.5,0.1,1.518,50.4,0,60.3,0,0,0,0,0,0,0,0,1
2025-09-26T13:09:35.893Z,59.5,0.1,1.519,49.6,0,60.3,0,0,0,0,0,0,0,0,1
2025-09-26T13:09:36.892Z,59.5,0.1,1.518,50.4,0,60.3,0,0,0,0,0,0,0,0,1
2025-09-26T13:09:37.891Z,59.5,0.1,1.518,49.6,0,60.3,0,0,0,0,0,0,0,0,1
2025-09-26T13:09:38.893Z,59.5,0.1,1.518,50.4,0,60.3,0,0,0,0,0,0,0,0,1
2025-09-26T13:09:39.891Z,59.5,0.1,1.518,49.6,0,60.3,0,0,0,0,0,0,0,0,1
2025-09-26T13:09:40.890Z,59.5,0.1,1.518,50.4,0,60.3,0,0,0,0,0,0,0,0,1
2025-09-26T13:09:41.897Z,59.5,0.1,1.518,49.6,0,60.3,0,0,0,0,0,0,0,0,1
2025-09-26T13:09:42.895Z,59.5,0.1,1.518,50.4,0,60.3,0,0,0,0,0,0,0,0,1
2025-09-26T13:09:43.892Z,59.5,0.1,1.518,49.6,0,60.3,0,0,0,0,0,0,0,0,1
2025-09-26T13:09:44.891Z,59.5,0.1,1.518,49.6,0,60.3,0,0,0,0,0,0,0,0,1
2025-09-26T13:09:45.895Z,59.5,0.1,1.518,50.4,0,60.3,0,0,0,0,0,0,0,0,1
2025-09-26T13:09:46.892Z,59.5,0.1,1.518,49.6,0,60.3,0,0,0,0,0,0,0,0,1
2025-09-26T13:09:47.896Z,59.5,0.1,1.518,50.4,0,60.3,0,0,0,0,0,0,0,0,1
2025-09-26T13:09:48.895Z,59.5,0.1,1.518,49.6,0,60.3,0,0,0,0,0,0,0,0,1
2025-09-26T13:09:49.898Z,59.5,0.1,1.518,50.4,0,60.3,0,0,0,0,0,0,0,0,1
2025-09-26T13:09:50.896Z,59.5,0.1,1.518,49.6,0,60.3,0,0,0,0,0,0,0,0,1
2025-09-26T13:09:51.899Z,59.5,0.1,1.518,50.4,0,60.3,0,0,0,0,0,0,0,0,1
2025-09-26T13:09:52.895Z,59.5,0.1,1.518,49.6,0,60.3,0,0,0,0,0,0,0,0,1
2025-09-26T13:09:53.895Z,59.5,0.1,1.518,50.4,0,60.3,0,0,0,0,0,0,0,0,1
2025-09-26T13:09:54.902Z,59.5,0.1,1.518,49.6,0,60.3,0,0,0,0,0,0,0,0,1
2025-09-26T13:09:55.899Z,59.5,0.1,1.518,50.4,0,60.3,0,0,0,0,0,0,0,0,1
2025-09-26T13:09:56.894Z,59.5,0.1,1.518,49.6,0,60.3,0,0,0,0,0,0,0,0,1
2025-09-26T13:09:57.902Z,59.5,0.1,1.518,50.4,0,60.3,0,0,0,0,0,0,0,0,1
2025-09-26T13:09:58.906Z,59.5,0.1,1.519,49.6,0,60.3,0,0,0,0,0,0,0,0,1
2025-09-26T13:09:59.898Z,59.5,0.1,1.518,50.4,0,60.3,0,0,0,0,0,0,0,0,1
2025-09-26T13:10:00.904Z,59.5,0.1,1.518,50.4,0,60.3,0,0,0,0,0,0,0,0,1
2025-09-26T13:10:01.903Z,59.6,0.1,1.518,49.6,0,60.3,0,0,0,0,0,0,0,0,1
2025-09-26T13:10:02.906Z,59.6,0.1,1.518,50.4,0,60.3,0,0,0,0,0,0,0,0,1
2025-09-26T13:10:03.908Z,59.6,0.1,1.518,49.6,0,60.3,0,0,0,0,0,0,0,0,1
2025-09-26T13:10:04.905Z,59.6,0.1,1.518,50.4,0,60.3,0,0,0,0,0,0,0,0,1
2025-09-26T13:10:05.903Z,59.6,0.1,1.518,49.6,0,60.3,0,0,0,0,0,0,0,0,1
2025-09-26T13:10:06.905Z,59.6,0.1,1.518,50.4,0,60.3,0,0,0,0,0,0,0,0,1
2025-09-26T13:10:07.905Z,59.6,0.1,1.518,49.6,0,60.3,0,0,0,0,0,0,0,0,1
2025-09-26T13:10:08.906Z,59.6,0.1,1.518,50.4,0,60.3,0,0,0,0,0,0,0,0,1
2025-09-26T13:10:09.911Z,59.6,0.1,1.518,49.6,0,60.3,0,0,0,0,0,0,0,0,1
2025-09-26T13:10:10.910Z,59.6,0.1,1.518,49.6,0,60.3,0,0,0,0,0,0,0,0,1
2025-09-26T13:10:11.909Z,59.6,0.1,1.518,49.6,0,60.3,0,0,0,0,0,0,0,0,1
2025-09-26T13:10:12.910Z,59.6,0.1,1.518,49.6,0,60.3,0,0,0,0,0,0,0,0,1
2025-09-26T13:10:13.917Z,59.6,0.1,1.519,50.4,0,60.3,0,0,0,0,0,0,0,0,1
2025-09-26T13:10:14.914Z,59.6,0.1,1.519,49.6,0,60.3,0,0,0,0,0,0,0,0,1
2025-09-26T13:10:15.911Z,59.6,0.1,1.518,50.4,0,60.3,0,0,0,0,0,0,0,0,1
2025-09-26T13:10:16.914Z,59.6,0.1,1.518,49.6,0,60.3,0,0,0,0,0,0,0,0,1
2025-09-26T13:10:17.918Z,59.6,0.1,1.519,50.4,0,60.3,0,0,0,0,0,0,0,0,1
2025-09-26T13:10:18.917Z,59.6,0.1,1.518,49.6,0,60.3,0,0,0,0,0,0,0,0,1
2025-09-26T13:10:19.919Z,59.7,0.1,1.519,50.4,0,60.3,0,0,0,0,0,0,0,0,1
2025-09-26T13:10:20.918Z,59.7,0.1,1.518,49.6,0,60.3,0,0,0,0,0,0,0,0,1
2025-09-26T13:10:21.917Z,59.7,0.1,1.518,50.4,0,60.3,0,0,0,0,0,0,0,0,1
2025-09-26T13:10:22.919Z,59.7,0.1,1.518,49.6,0,60.3,0,0,0,0,0,0,0,0,1
2025-09-26T13:10:23.915Z,59.7,0.1,1.518,49.6,0,60.3,0,0,0,0,0,0,0,0,1
2025-09-26T13:10:24.919Z,59.7,0.1,1.518,50.4,0,60.3,0,0,0,0,0,0,0,0,1
2025-09-26T13:10:25.923Z,59.7,0.1,1.519,49.6,0,60.3,0,0,0,0,0,0,0,0,1
2025-09-26T13:10:26.917Z,59.7,0.1,1.518,50.4,0,60.3,0,0,0,0,0,0,0,0,1
2025-09-26T13:10:27.922Z,59.7,0.1,1.518,49.6,0,60.3,0,0,0,0,0,0,0,0,1
2025-09-26T13:10:28.920Z,59.7,0.1,1.518,50.4,0,60.3,0,0,0,0,0,0,0,0,1
2025-09-26T13:10:29.920Z,59.7,0.1,1.518,49.6,0,60.3,0,0,0,0,0,0,0,0,1
2025-09-26T13:10:30.921Z,59.7,0.1,1.518,50.4,0,60.3,0,0,0,0,0,0,0,0,1
2025-09-26T13:10:31.921Z,59.7,0.1,1.518,49.6,0,60.2,0,0,0,0,0,0,0,0,1
2025-09-26T13:10:32.922Z,59.7,0.1,1.518,50.4,0,60.3,0,0,0,0,0,0,0,0,1
2025-09-26T13:10:33.924Z,59.7,0.1,1.518,49.6,0,60.3,0,0,0,0,0,0,0,0,1
2025-09-26T13:10:34.930Z,59.7,0.1,1.519,50.4,0,60.3,0,0,0,0,0,0,0,0,1
2025-09-26T13:10:35.925Z,59.7,0.1,1.518,49.6,0,60.3,0,0,0,0,0,0,0,0,1
2025-09-26T13:10:36.933Z,59.7,0.1,1.519,50.4,0,60.3,0,0,0,0,0,0,0,0,1
2025-09-26T13:10:37.930Z,59.7,0.1,1.519,49.6,0,60.3,0,0,0,0,0,0,0,0,1
2025-09-26T13:10:38.933Z,59.7,0.1,1.519,49.6,0,60.3,0,0,0,0,0,0,0,0,1
2025-09-26T13:10:39.932Z,59.7,0.1,1.519,50.4,0,60.3,0,0,0,0,0,0,0,0,1
2025-09-26T13:10:40.933Z,59.8,0.1,1.519,49.6,0,60.3,0,0,0,0,0,0,0,0,1
2025-09-26T13:10:41.931Z,59.8,0.1,1.518,50.4,0,60.3,0,0,0,0,0,0,0,0,1
2025-09-26T13:10:42.931Z,59.8,0.1,1.518,49.6,0,60.3,0,0,0,0,0,0,0,0,1
2025-09-26T13:10:43.931Z,59.8,0.1,1.518,50.4,0,60.3,0,0,0,0,0,0,0,0,1
2025-09-26T13:10:44.931Z,59.8,0.1,1.518,49.6,0,60.3,0,0,0,0,0,0,0,0,1
2025-09-26T13:10:45.931Z,59.8,0.1,1.518,50.4,0,60.3,0,0,0,0,0,0,0,0,1
2025-09-26T13:10:46.935Z,59.8,0.1,1.519,49.6,0,60.3,0,0,0,0,0,0,0,0,1
2025-09-26T13:10:47.936Z,59.8,0.1,1.519,50.4,0,60.3,0,0,0,0,0,0,0,0,1
2025-09-26T13:10:48.936Z,59.8,0.1,1.519,49.6,0,60.3,0,0,0,0,0,0,0,0,1
2025-09-26T13:10:49.935Z,59.8,0.1,1.518,50.4,0,60.3,0,0,0,0,0,0,0,0,1
2025-09-26T13:10:50.941Z,59.8,0.1,1.519,49.6,0,60.3,0,0,0,0,0,0,0,0,1
2025-09-26T13:10:51.941Z,59.8,0.1,1.519,49.6,0,60.3,0,0,0,0,0,0,0,0,1
2025-09-26T13:10:52.938Z,59.8,0.1,1.518,50.4,0,60.3,0,0,0,0,0,0,0,0,1
2025-09-26T13:10:53.942Z,59.8,0.1,1.519,49.6,0,60.3,0,0,0,0,0,0,0,0,1
2025-09-26T13:10:54.943Z,59.8,0.1,1.519,50.4,0,60.3,0,0,0,0,0,0,0,0,1
2025-09-26T13:10:55.951Z,59.9,0.1,1.519,49.6,0,60.2,0,0,0,0,0,0,0,0,1
2025-09-26T13:10:56.941Z,59.9,0.1,1.518,50.4,0,60.2,0,0,0,0,0,0,0,0,1
2025-09-26T13:10:57.946Z,59.9,0.1,1.519,49.6,0,60.2,0,0,0,0,0,0,0,0,1
2025-09-26T13:10:58.947Z,59.9,0.1,1.519,50.4,0,60.2,0,0,0,0,0,0,0,0,1
2025-09-26T13:10:59.946Z,59.9,0.1,1.519,49.6,0,60.3,0,0,0,0,0,0,0,0,1
2025-09-26T13:11:00.948Z,59.9,0.1,1.519,50.4,0,60.2,0,0,0,0,0,0,0,0,1
2025-09-26T13:11:01.946Z,59.9,0.1,1.519,49.6,0,60.2,0,0,0,0,0,0,0,0,1
2025-09-26T13:11:02.955Z,59.9,0.1,1.519,50.4,0,60.2,0,0,0,0,0,0,0,0,2
2025-09-26T13:11:03.949Z,59.9,0.1,1.519,49.6,0,60.2,0,0,0,0,0,0,0,0,2
2025-09-26T13:11:04.949Z,59.9,0.4,1.532,50.4,0,60.2,0,0,0,0,0,0,0,0,2
2025-09-26T13:11:05.951Z,59.9,0.4,1.537,49.6,0,60.2,0,0,0,0,0,0,0,0,2
2025-09-26T13:11:06.952Z,59.9,0.4,1.538,50.4,0,60.2,0,0,0,0,0,0,0,0,2
2025-09-26T13:11:07.949Z,59.9,0.4,1.538,49.6,0,60.2,0,0,0,0,0,0,0,0,2
2025-09-26T13:11:08.953Z,59.9,0.4,1.538,50.4,0,60.2,0,0,0,0,0,0,0,0,2
2025-09-26T13:11:09.950Z,59.9,0.4,1.538,49.6,0,60.2,0,0,0,0,0,0,0,0,2
2025-09-26T13:11:10.951Z,60,0.4,1.538,50.4,0,60.2,0,0,0,0,0,0,0,0,2
2025-09-26T13:11:11.953Z,60,0.4,1.538,49.6,0,60.2,0,0,0,0,0,0,0,0,2
2025-09-26T13:11:12.956Z,60,0.4,1.538,50.4,0,60.2,0,0,0,0,0,0,0,0,2
2025-09-26T13:11:13.954Z,60,0.4,1.538,49.6,0,60.3,0,0,0,0,0,0,0,0,2
2025-09-26T13:11:14.953Z,60,0.4,1.539,49.6,0,60.3,0,0,0,0,0,0,0,0,2
2025-09-26T13:11:15.953Z,60,0.3,1.538,50.4,0,60.2,0,0,0,0,0,0,0,0,2
2025-09-26T13:11:16.951Z,60,0.3,1.538,49.6,0,60.2,0,0,0,0,0,0,0,0,2
2025-09-26T13:11:17.957Z,60,0.4,1.539,50.4,0,60.2,0,0,0,0,0,0,0,0,2
2025-09-26T13:11:18.957Z,60,0.4,1.538,49.6,0,60.2,0,0,0,0,0,0,0,0,2
2025-09-26T13:11:19.953Z,60,0.3,1.537,50.4,0,60.2,0,0,0,0,0,0,0,0,2
2025-09-26T13:11:20.957Z,60,0.4,1.539,49.6,0,60.3,0,0,0,0,0,0,0,0,2
2025-09-26T13:11:21.958Z,60,0.4,1.539,50.4,0,60.2,0,0,0,0,0,0,0,0,2
2025-09-26T13:11:22.959Z,60,0.4,1.538,49.6,0,60.3,0,0,0,0,0,0,0,0,2
2025-09-26T13:11:23.960Z,60,0.4,1.538,50.4,0,60.3,0,0,0,0,0,0,0,0,2
2025-09-26T13:11:24.962Z,60,0.4,1.538,49.6,0,60.2,0,0,0,0,0,0,0,0,2
2025-09-26T13:11:25.965Z,60.1,0.4,1.538,50.4,0,60.2,0,0,0,0,0,0,0,0,2
2025-09-26T13:11:26.962Z,60.1,0.4,1.538,49.6,0,60.2,0,0,0,0,0,0,0,0,2
2025-09-26T13:11:27.962Z,60.1,0.4,1.538,50.4,0,60.2,0,0,0,0,0,0,0,0,2
2025-09-26T13:11:28.967Z,60.1,0.4,1.538,49.6,0,60.3,0,0,0,0,0,0,0,0,2
2025-09-26T13:11:29.963Z,60.1,0.4,1.538,49.6,0,60.3,0,0,0,0,0,0,0,0,2
2025-09-26T13:11:30.967Z,60.1,0.4,1.538,50.4,0,60.2,0,0,0,0,0,0,0,0,2
2025-09-26T13:11:31.963Z,60.1,0.4,1.538,49.6,0,60.3,0,0,0,0,0,0,0,0,2
2025-09-26T13:11:32.969Z,60.1,0.4,1.537,50.4,0,60.3,0,0,0,0,0,0,0,0,2
2025-09-26T13:11:33.969Z,60.1,0.4,1.537,49.6,0,60.3,0,0,0,0,0,0,0,0,2
2025-09-26T13:11:34.970Z,60.1,0.4,1.538,50.4,0,60.3,0,0,0,0,0,0,0,0,2
2025-09-26T13:11:35.969Z,60.1,0.4,1.537,49.6,0,60.3,0,0,0,0,0,0,0,0,2
2025-09-26T13:11:36.969Z,60.1,0.4,1.537,50.4,0,60.3,0,0,0,0,0,0,0,0,2
2025-09-26T13:11:37.976Z,60.2,0.4,1.537,49.6,0,60.3,0,0,0,0,0,0,0,0,2
2025-09-26T13:11:38.972Z,60.2,0.4,1.537,50.4,0,60.3,0,0,0,0,0,0,0,0,2
2025-09-26T13:11:39.969Z,60.2,0.4,1.537,49.6,0,60.3,0,0,0,0,0,0,0,0,2
2025-09-26T13:11:40.970Z,60.2,0.4,1.537,50.4,0,60.3,0,0,0,0,0,0,0,0,2
2025-09-26T13:11:41.972Z,60.2,0.4,1.537,49.6,0,60.3,0,0,0,0,0,0,0,0,2
2025-09-26T13:11:42.972Z,60.2,0.4,1.537,50.4,0,60.3,0,0,0,0,0,0,0,0,2
2025-09-26T13:11:43.973Z,60.2,0.4,1.537,49.6,0,60.3,0,0,0,0,0,0,0,0,2
2025-09-26T13:11:44.974Z,60.2,0.4,1.537,50.4,0,60.3,0,0,0,0,0,0,0,0,2
2025-09-26T13:11:45.975Z,60.2,0.4,1.537,49.6,0,60.3,0,0,0,0,0,0,0,0,2
2025-09-26T13:11:46.974Z,60.2,0.4,1.537,50.4,0,60.3,0,0,0,0,0,0,0,0,2
2025-09-26T13:11:47.973Z,60.2,0.4,1.537,49.6,0,60.3,0,0,0,0,0,0,0,0,2
2025-09-26T13:11:48.978Z,60.2,0.4,1.537,50.4,0,60.3,0,0,0,0,0,0,0,0,2
2025-09-26T13:11:49.978Z,60.2,0.4,1.537,49.6,0,60.3,0,0,0,0,0,0,0,0,2
2025-09-26T13:11:50.976Z,60.3,0.4,1.537,50.4,0,60.3,0,0,0,0,0,0,0,0,2
2025-09-26T13:11:51.977Z,60.3,0.4,1.537,49.6,0,60.3,0,0,0,0,0,0,0,0,2
2025-09-26T13:11:52.980Z,60.3,0.4,1.537,50.4,0,60.3,0,0,0,0,0,0,0,0,2
2025-09-26T13:11:53.981Z,60.3,0.3,1.536,49.6,0,60.3,0,0,0,0,0,0,0,0,2
2025-09-26T13:11:54.982Z,60.3,0.4,1.537,49.6,0,60.3,0,0,0,0,0,0,0,0,2
2025-09-26T13:11:55.979Z,60.3,0.4,1.537,49.6,0,60.3,0,0,0,0,0,0,0,0,2
2025-09-26T13:11:56.987Z,60.3,0.3,1.536,49.6,0,60.3,0,0,0,0,0,0,0,0,2
2025-09-26T13:11:57.983Z,60.3,0.4,1.537,50.4,0,60.3,0,0,0,0,0,0,0,0,2
2025-09-26T13:11:58.987Z,60.3,0.3,1.536,49.6,0,60.3,0,0,0,0,0,0,0,0,2
2025-09-26T13:11:59.988Z,60.3,0.3,1.536,50.4,0,60.3,0,0,0,0,0,0,0,0,2
2025-09-26T13:12:00.986Z,60.3,0.3,1.536,49.6,0,60.3,0,0,0,0,0,0,0,0,2
2025-09-26T13:12:01.992Z,60.3,0.3,1.536,50.4,0,60.3,0,0,0,0,0,0,0,0,2
2025-09-26T13:12:02.992Z,60.3,0.3,1.536,49.6,0,60.3,0,0,0,0,0,0,0,0,2
2025-09-26T13:12:03.992Z,60.3,0.3,1.536,50.4,0,60.3,0,0,0,0,0,0,0,0,2
2025-09-26T13:12:04.992Z,60.4,0.3,1.536,49.6,0,60.3,0,0,0,0,0,0,0,0,2
2025-09-26T13:12:05.991Z,60.4,0.3,1.536,49.6,0,60.3,0,0,0,0,0,0,0,0,2
2025-09-26T13:12:06.993Z,60.4,0.3,1.536,49.6,0,60.3,0,0,0,0,0,0,0,0,2
2025-09-26T13:12:07.995Z,60.4,0.3,1.536,49.6,0,60.3,0,0,0,0,0,0,0,0,2
2025-09-26T13:12:09.002Z,60.4,0.4,1.537,50.4,0,60.3,0,0,0,0,0,0,0,0,2
2025-09-26T13:12:09.998Z,60.4,0.3,1.536,49.6,0,60.3,0,0,0,0,0,0,0,0,2
2025-09-26T13:12:10.997Z,60.4,0.3,1.536,49.6,0,60.3,0,0,0,0,0,0,0,0,2
2025-09-26T13:12:12.000Z,60.4,0.3,1.536,50.4,0,60.3,0,0,0,0,0,0,0,0,2
2025-09-26T13:12:13.003Z,60.4,0.3,1.536,49.6,0,60.3,0,0,0,0,0,0,0,0,2
2025-09-26T13:12:14.003Z,60.4,0.3,1.536,50.4,0,60.3,0,0,0,0,0,0,0,0,2
2025-09-26T13:12:14.998Z,60.4,0.3,1.536,50.4,0,60.3,0,0,0,0,0,0,0,0,2
2025-09-26T13:12:15.998Z,60.4,0.3,1.536,49.6,0,60.3,0,0,0,0,0,0,0,0,2
2025-09-26T13:12:17.002Z,60.4,0.3,1.536,50.4,0,60.3,0,0,0,0,0,0,0,0,2
2025-09-26T13:12:18.000Z,60.4,0.3,1.536,49.6,0,60.3,0,0,0,0,0,0,0,0,2
2025-09-26T13:12:19.005Z,60.5,0.3,1.536,50.4,0,60.3,0,0,0,0,0,0,0,0,2
2025-09-26T13:12:20.001Z,60.5,0.3,1.536,49.6,0,60.3,0,0,0,0,0,0,0,0,2
2025-09-26T13:12:21.003Z,60.5,0.3,1.536,49.6,0,60.3,0,0,0,0,0,0,0,0,2
2025-09-26T13:12:22.005Z,60.5,0.3,1.536,50.4,0,60.3,0,0,0,0,0,0,0,0,2
2025-09-26T13:12:23.007Z,60.5,0.3,1.536,49.6,0,60.3,0,0,0,0,0,0,0,0,2
2025-09-26T13:12:24.007Z,60.5,0.4,1.537,50.4,0,60.3,0,0,0,0,0,0,0,0,2
2025-09-26T13:12:25.008Z,60.5,0.3,1.536,49.6,0,60.3,0,0,0,0,0,0,0,0,2
2025-09-26T13:12:26.010Z,60.5,0.4,1.537,49.6,0,60.3,0,0,0,0,0,0,0,0,2
2025-09-26T13:12:27.004Z,60.5,0.3,1.536,50.4,0,60.3,0,0,0,0,0,0,0,0,2
2025-09-26T13:12:28.012Z,60.5,0.4,1.537,49.6,0,60.3,0,0,0,0,0,0,0,0,2
2025-09-26T13:12:29.010Z,60.5,0.4,1.537,50.4,0,60.3,0,0,0,0,0,0,0,0,2
2025-09-26T13:12:30.014Z,60.5,0.4,1.537,50.4,0,60.3,0,0,0,0,0,0,0,0,2
2025-09-26T13:12:31.011Z,60.5,0.3,1.536,49.6,0,60.3,0,0,0,0,0,0,0,0,2
2025-09-26T13:12:32.017Z,60.5,0.4,1.537,50.4,0,60.3,0,0,0,0,0,0,0,0,2
2025-09-26T13:12:33.021Z,60.5,0.4,1.537,49.6,0,60.3,0,0,0,0,0,0,0,0,2
2025-09-26T13:12:34.012Z,60.6,0.3,1.536,50.4,0,60.3,0,0,0,0,0,0,0,0,2
2025-09-26T13:12:35.026Z,60.6,0.4,1.537,49.6,0,60.3,0,0,0,0,0,0,0,0,2
2025-09-26T13:12:36.047Z,60.6,0.4,1.537,50.4,0,60.3,0,0,0,0,0,0,0,0,2
2025-09-26T13:12:37.018Z,60.6,0.4,1.537,49.6,0,60.3,0,0,0,0,0,0,0,0,2
2025-09-26T13:12:38.018Z,60.6,0.4,1.537,49.6,0,60.3,0,0,0,0,0,0,0,0,2
2025-09-26T13:12:39.019Z,60.6,0.4,1.537,50.4,0,60.3,0,0,0,0,0,0,0,0,2
2025-09-26T13:12:40.020Z,60.6,0.4,1.537,49.6,0,60.3,0,0,0,0,0,0,0,0,2
2025-09-26T13:12:41.043Z,60.6,0.4,1.537,50.4,0,60.3,0,0,0,0,0,0,0,0,2
2025-09-26T13:12:42.022Z,60.6,0.4,1.537,50.4,0,60.3,0,0,0,0,0,0,0,0,2
2025-09-26T13:12:43.025Z,60.6,0.3,1.536,49.6,0,60.3,0,0,0,0,0,0,0,0,2
2025-09-26T13:12:44.023Z,60.6,0.3,1.536,49.6,0,60.3,0,0,0,0,0,0,0,0,2
2025-09-26T13:12:45.019Z,60.6,0.4,1.536,49.6,0,60.3,0,0,0,0,0,0,0,0,2
2025-09-26T13:12:46.019Z,60.6,0.4,1.537,50.4,0,60.3,0,0,0,0,0,0,0,0,2
2025-09-26T13:12:47.022Z,60.6,0.3,1.536,49.6,0,60.3,0,0,0,0,0,0,0,0,2
2025-09-26T13:12:48.027Z,60.6,0.3,1.536,49.6,0,60.3,0,0,0,0,0,0,0,0,2
2025-09-26T13:12:49.025Z,60.7,0.3,1.536,50.4,0,60.3,0,0,0,0,0,0,0,0,2
2025-09-26T13:12:50.022Z,60.7,0.4,1.537,49.6,0,60.3,0,0,0,0,0,0,0,0,2
2025-09-26T13:12:51.023Z,60.7,0.3,1.536,49.6,0,60.3,0,0,0,0,0,0,0,0,2
2025-09-26T13:12:52.027Z,60.7,0.3,1.536,50.4,0,60.3,0,0,0,0,0,0,0,0,2
2025-09-26T13:12:53.027Z,60.7,0.3,1.536,50.4,0,60.3,0,0,0,0,0,0,0,0,2
2025-09-26T13:12:54.026Z,60.7,0.3,1.536,49.6,0,60.3,0,0,0,0,0,0,0,0,2
2025-09-26T13:12:55.025Z,60.7,0.3,1.536,50.4,0,60.3,0,0,0,0,0,0,0,0,2
2025-09-26T13:12:56.030Z,60.7,0.3,1.536,49.6,0,60.3,0,0,0,0,0,0,0,0,2
2025-09-26T13:12:57.030Z,60.7,0.3,1.536,50.4,0,60.3,0,0,0,0,0,0,0,0,2
2025-09-26T13:12:58.028Z,60.7,0.3,1.536,49.6,0,60.3,0,0,0,0,0,0,0,0,2
2025-09-26T13:12:59.027Z,60.7,0.3,1.536,50.4,0,60.3,0,0,0,0,0,0,0,0,2
2025-09-26T13:13:00.032Z,60.7,0.3,1.536,50.4,0,60.3,0,0,0,0,0,0,0,0,2
2025-09-26T13:13:01.032Z,60.7,0.3,1.536,49.6,0,60.3,0,0,0,0,0,0,0,0,2
2025-09-26T13:13:02.032Z,60.7,0.3,1.536,49.6,0,60.3,0,0,0,0,0,0,0,0,2
2025-09-26T13:13:03.034Z,60.7,0.3,1.536,49.6,0,60.3,0,0,0,0,0,0,0,0,2
2025-09-26T13:13:04.033Z,60.8,0.3,1.536,50.4,0,60.3,0,0,0,0,0,0,0,0,2
2025-09-26T13:13:05.037Z,60.8,0.3,1.536,50.4,0,60.3,0,0,0,0,0,0,0,0,2
2025-09-26T13:13:06.041Z,60.8,0.3,1.536,49.6,0,60.3,0,0,0,0,0,0,0,0,2
2025-09-26T13:13:07.035Z,60.8,0.3,1.536,50.4,0,60.3,0,0,0,0,0,0,0,0,2
2025-09-26T13:13:08.042Z,60.8,0.3,1.536,49.6,0,60.3,0,0,0,0,0,0,0,0,2
2025-09-26T13:13:09.042Z,60.8,0.3,1.536,50.4,0,60.3,0,0,0,0,0,0,0,0,2
2025-09-26T13:13:10.040Z,60.8,0.3,1.536,50.4,0,60.3,0,0,0,0,0,0,0,0,2
2025-09-26T13:13:11.039Z,60.8,0.3,1.536,49.6,0,60.2,0,0,0,0,0,0,0,0,2
2025-09-26T13:13:12.046Z,60.8,0.4,1.536,50.4,0,60.3,0,0,0,0,0,0,0,0,2
2025-09-26T13:13:13.046Z,60.8,0.3,1.536,49.6,0,60.3,0,0,0,0,0,0,0,0,2
2025-09-26T13:13:14.048Z,60.8,0.3,1.536,50.4,0,60.3,0,0,0,0,0,0,0,0,2
2025-09-26T13:13:15.038Z,60.8,0.3,1.536,49.6,0,60.3,0,0,0,0,0,0,0,0,2
2025-09-26T13:13:16.046Z,60.8,0.3,1.536,50.4,0,60.2,0,0,0,0,0,0,0,0,2
2025-09-26T13:13:17.044Z,60.8,0.3,1.536,49.6,0,60.3,0,0,0,0,0,0,0,0,2
2025-09-26T13:13:18.051Z,60.8,0.4,1.536,50.4,0,60.3,0,0,0,0,0,0,0,0,2
2025-09-26T13:13:19.042Z,60.8,0.3,1.536,49.6,0,60.3,0,0,0,0,0,0,0,0,2
2025-09-26T13:13:20.045Z,60.8,0.3,1.536,50.4,0,60.3,0,0,0,0,0,0,0,0,2
2025-09-26T13:13:21.050Z,60.8,0.4,1.536,49.6,0,60.2,0,0,0,0,0,0,0,0,2
2025-09-26T13:13:22.046Z,60.8,0.3,1.536,50.4,0,60.2,0,0,0,0,0,0,0,0,2
2025-09-26T13:13:23.049Z,60.8,0.3,1.536,49.6,0,60.2,0,0,0,0,0,0,0,0,2
2025-09-26T13:13:24.049Z,60.9,0.4,1.536,50.4,0,60.2,0,0,0,0,0,0,0,0,2
2025-09-26T13:13:25.049Z,60.9,0.3,1.536,49.6,0,60.2,0,0,0,0,0,0,0,0,2
2025-09-26T13:13:26.050Z,60.9,0.3,1.536,50.4,0,60.2,0,0,0,0,0,0,0,0,2
2025-09-26T13:13:27.055Z,60.9,0.4,1.536,49.6,0,60.2,0,0,0,0,0,0,0,0,2
2025-09-26T13:13:28.052Z,60.9,0.3,1.536,50.4,0,60.2,0,0,0,0,0,0,0,0,2
2025-09-26T13:13:29.055Z,60.9,0.4,1.536,49.6,0,60.2,0,0,0,0,0,0,0,0,2
2025-09-26T13:13:30.053Z,60.9,0.4,1.536,50.4,0,60.2,0,0,0,0,0,0,0,0,2
2025-09-26T13:13:31.053Z,60.9,0.3,1.536,49.6,0,60.2,0,0,0,0,0,0,0,0,2
2025-09-26T13:13:32.057Z,60.9,0.4,1.536,50.4,0,60.2,0,0,0,0,0,0,0,0,2
2025-09-26T13:13:33.060Z,60.9,0.4,1.536,49.6,0,60.2,0,0,0,0,0,0,0,0,2
2025-09-26T13:13:34.059Z,60.9,0.4,1.536,50.4,0,60.2,0,0,0,0,0,0,0,0,2
2025-09-26T13:13:35.062Z,60.9,0.4,1.536,49.6,0,60.2,0,0,0,0,0,0,0,0,2
2025-09-26T13:13:36.058Z,60.9,0.4,1.536,50.4,0,60.2,0,0,0,0,0,0,0,0,2
2025-09-26T13:13:37.063Z,60.9,0.4,1.536,49.6,0,60.2,0,0,0,0,0,0,0,0,2
2025-09-26T13:13:38.062Z,60.9,0.4,1.536,50.4,0,60.2,0,0,0,0,0,0,0,0,2
2025-09-26T13:13:39.065Z,60.9,0.4,1.536,49.6,0,60.2,0,0,0,0,0,0,0,0,2
2025-09-26T13:13:40.071Z,60.9,0.3,1.536,50.4,0,60.2,0,0,0,0,0,0,0,0,2
2025-09-26T13:13:41.064Z,60.9,0.4,1.536,49.6,0,60.2,0,0,0,0,0,0,0,0,2
2025-09-26T13:13:42.067Z,60.9,0.4,1.536,50.4,0,60.2,0,0,0,0,0,0,0,0,2
2025-09-26T13:13:43.068Z,60.9,0.4,1.536,49.6,0,60.2,0,0,0,0,0,0,0,0,2
2025-09-26T13:13:44.068Z,60.9,0.4,1.536,50.4,0,60.2,0,0,0,0,0,0,0,0,2
2025-09-26T13:13:45.072Z,60.9,0.3,1.536,49.6,0,60.2,0,0,0,0,0,0,0,0,2
2025-09-26T13:13:46.068Z,61,0.3,1.536,50.4,0,60.2,0,0,0,0,0,0,0,0,2
2025-09-26T13:13:47.067Z,61,0.4,1.536,50.4,0,60.2,0,0,0,0,0,0,0,0,2
2025-09-26T13:13:48.070Z,61,0.4,1.536,49.6,0,60.2,0,0,0,0,0,0,0,0,2
2025-09-26T13:13:49.068Z,61,0.4,1.536,50.4,0,60.2,0,0,0,0,0,0,0,0,2
2025-09-26T13:13:50.071Z,61,0.4,1.536,49.6,0,60.2,0,0,0,0,0,0,0,0,2
2025-09-26T13:13:51.072Z,61,0.4,1.536,50.4,0,60.2,0,0,0,0,0,0,0,0,2
2025-09-26T13:13:52.074Z,61,0.3,1.536,49.6,0,60.2,0,0,0,0,0,0,0,0,2
2025-09-26T13:13:53.071Z,61,0.4,1.536,49.6,0,60.2,0,0,0,0,0,0,0,0,2
2025-09-26T13:13:54.076Z,61,0.3,1.535,49.6,0,60.2,0,0,0,0,0,0,0,0,2
2025-09-26T13:13:55.076Z,61,0.3,1.536,50.4,0,60.2,0,0,0,0,0,0,0,0,2
2025-09-26T13:13:56.080Z,61,0.3,1.535,49.6,0,60.2,0,0,0,0,0,0,0,0,2
2025-09-26T13:13:57.077Z,61,0.3,1.535,50.4,0,60.2,0,0,0,0,0,0,0,0,2
2025-09-26T13:13:58.080Z,61,0.3,1.536,49.6,0,60.2,0,0,0,0,0,0,0,0,2
2025-09-26T13:13:59.081Z,61,0.3,1.535,50.4,0,60.2,0,0,0,0,0,0,0,0,2
2025-09-26T13:14:00.082Z,61,0.3,1.535,49.6,0,60.2,0,0,0,0,0,0,0,0,2
2025-09-26T13:14:01.082Z,61,0.3,1.536,50.4,0,60.2,0,0,0,0,0,0,0,0,2
2025-09-26T13:14:02.087Z,61,0.3,1.535,49.6,0,60.2,0,0,0,0,0,0,0,0,2
2025-09-26T13:14:03.084Z,61,0.3,1.536,50.4,0,60.2,0,0,0,0,0,0,0,0,2
2025-09-26T13:14:04.084Z,61,0.3,1.536,49.6,0,60.2,0,0,0,0,0,0,0,0,2
2025-09-26T13:14:05.088Z,61,0.3,1.535,50.4,0,60.2,0,0,0,0,0,0,0,0,2
2025-09-26T13:14:06.085Z,61,0.3,1.536,49.6,0,60.2,0,0,0,0,0,0,0,0,2
2025-09-26T13:14:07.087Z,61,0.3,1.535,50.4,0,60.2,0,0,0,0,0,0,0,0,2
2025-09-26T13:14:08.090Z,61,0.3,1.535,49.6,0,60.2,0,0,0,0,0,0,0,0,2
2025-09-26T13:14:09.092Z,61,0.3,1.535,50.4,0,60.2,0,0,0,0,0,0,0,0,2
2025-09-26T13:14:10.087Z,61,0.3,1.536,49.6,0,60.2,0,0,0,0,0,0,0,0,2
2025-09-26T13:14:11.089Z,61,0.3,1.535,50.4,0,60.2,0,0,0,0,0,0,0,0,2
2025-09-26T13:14:12.085Z,61,0.3,1.535,49.6,0,60.2,0,0,0,0,0,0,0,0,2
2025-09-26T13:14:13.092Z,61,0.3,1.535,49.6,0,60.2,0,0,0,0,0,0,0,0,2
2025-09-26T13:14:14.088Z,61,0.3,1.535,50.4,0,60.2,0,0,0,0,0,0,0,0,2
2025-09-26T13:14:15.085Z,61,0.3,1.535,49.6,0,60.2,0,0,0,0,0,0,0,0,2
2025-09-26T13:14:16.088Z,61,0.3,1.536,49.6,0,60.2,0,0,0,0,0,0,0,0,2
2025-09-26T13:14:17.085Z,61,0.3,1.535,49.6,0,60.2,0,0,0,0,0,0,0,0,2
2025-09-26T13:14:18.092Z,61,0.3,1.536,50.4,0,60.2,0,0,0,0,0,0,0,0,2
2025-09-26T13:14:19.087Z,61,0.3,1.535,49.6,0,60.2,0,0,0,0,0,0,0,0,2
2025-09-26T13:14:20.088Z,61,0.3,1.536,50.4,0,60.2,0,0,0,0,0,0,0,0,2
2025-09-26T13:14:21.089Z,61,0.3,1.536,49.6,0,60.2,0,0,0,0,0,0,0,0,2
2025-09-26T13:14:22.089Z,61,0.3,1.535,50.4,0,60.2,0,0,0,0,0,0,0,0,2
2025-09-26T13:14:23.095Z,61,0.3,1.536,49.6,0,60.2,0,0,0,0,0,0,0,0,2
2025-09-26T13:14:24.095Z,61,0.3,1.535,50.4,0,60.2,0,0,0,0,0,0,0,0,2
2025-09-26T13:14:25.096Z,61,0.3,1.535,49.6,0,60.2,0,0,0,0,0,0,0,0,2
2025-09-26T13:14:26.095Z,61,0.3,1.535,50.4,0,60.2,0,0,0,0,0,0,0,0,2
2025-09-26T13:14:27.095Z,61,0.3,1.536,49.6,0,60.2,0,0,0,0,0,0,0,0,2
2025-09-26T13:14:28.104Z,61,0.4,1.536,50.4,0,60.2,0,0,0,0,0,0,0,0,2
2025-09-26T13:14:29.102Z,61,0.3,1.535,49.6,0,60.2,0,0,0,0,0,0,0,0,2
2025-09-26T13:14:30.099Z,61,0.3,1.535,50.4,0,60.1,0,0,0,0,0,0,0,0,2
2025-09-26T13:14:31.098Z,61,0.3,1.535,49.6,0,60.1,0,0,0,0,0,0,0,0,2
2025-09-26T13:14:32.093Z,61,0.3,1.536,50.4,0,60.1,0,0,0,0,0,0,0,0,2
2025-09-26T13:14:33.101Z,61,0.3,1.536,49.6,0,60.2,0,0,0,0,0,0,0,0,2
2025-09-26T13:14:34.098Z,61,0.3,1.536,50.4,0,60.2,0,0,0,0,0,0,0,0,2
2025-09-26T13:14:35.106Z,61.1,0.4,1.536,49.6,0,60.2,0,0,0,0,0,0,0,0,2
2025-09-26T13:14:36.105Z,61,0.4,1.536,49.6,0,60.2,0,0,0,0,0,0,0,0,2
2025-09-26T13:14:37.105Z,61,0.4,1.536,50.4,0,60.2,0,0,0,0,0,0,0,0,2
2025-09-26T13:14:38.106Z,61,0.4,1.536,49.6,0,60.2,0,0,0,0,0,0,0,0,2
2025-09-26T13:14:39.109Z,61,0.4,1.536,50.4,0,60.2,0,0,0,0,0,0,0,0,2
2025-09-26T13:14:40.106Z,61,0.4,1.536,49.6,0,60.2,0,0,0,0,0,0,0,0,2
2025-09-26T13:14:41.108Z,61,0.4,1.536,50.4,0,60.2,0,0,0,0,0,0,0,0,2
2025-09-26T13:14:42.105Z,61,0.3,1.536,49.6,0,60.2,0,0,0,0,0,0,0,0,2
2025-09-26T13:14:43.110Z,61,0.4,1.536,50.4,0,60.2,0,0,0,0,0,0,0,0,2
2025-09-26T13:14:44.111Z,61,0.4,1.536,49.6,0,60.2,0,0,0,0,0,0,0,0,2
2025-09-26T13:14:45.108Z,61,0.4,1.536,50.4,0,60.2,0,0,0,0,0,0,0,0,2
2025-09-26T13:14:46.108Z,61,0.3,1.536,49.6,0,60.2,0,0,0,0,0,0,0,0,2
2025-09-26T13:14:47.110Z,61,0.4,1.536,50.4,0,60.2,0,0,0,0,0,0,0,0,2
2025-09-26T13:14:48.107Z,61,0.3,1.536,49.6,0,60.2,0,0,0,0,0,0,0,0,2
2025-09-26T13:14:49.108Z,61,0.3,1.535,49.6,0,60.2,0,0,0,0,0,0,0,0,2
2025-09-26T13:14:50.111Z,61,0.3,1.535,50.4,0,60.2,0,0,0,0,0,0,0,0,2
2025-09-26T13:14:51.111Z,61,0.4,1.536,49.6,0,60.2,0,0,0,0,0,0,0,0,2
2025-09-26T13:14:52.114Z,61,0.4,1.536,50.4,0,60.2,0,0,0,0,0,0,0,0,2
2025-09-26T13:14:53.115Z,61,0.4,1.536,49.6,0,60.2,0,0,0,0,0,0,0,0,2
2025-09-26T13:14:54.119Z,61,0.4,1.536,50.4,0,60.2,0,0,0,0,0,0,0,0,2
2025-09-26T13:14:55.114Z,61,0.4,1.536,49.6,0,60.2,0,0,0,0,0,0,0,0,2
2025-09-26T13:14:56.117Z,61,0.4,1.536,50.4,0,60.2,0,0,0,0,0,0,0,0,2
2025-09-26T13:14:57.118Z,61,0.4,1.536,49.6,0,60.2,0,0,0,0,0,0,0,0,2
2025-09-26T13:14:58.121Z,61,0.4,1.536,50.4,0,60.2,0,0,0,0,0,0,0,0,2
2025-09-26T13:14:59.117Z,61,0.4,1.536,49.6,0,60.2,0,0,0,0,0,0,0,0,2
2025-09-26T13:15:00.121Z,61,0.4,1.536,49.6,0,60.2,0,0,0,0,0,0,0,0,2
2025-09-26T13:15:01.123Z,61,0.4,1.536,50.4,0,60.2,0,0,0,0,0,0,0,0,2
2025-09-26T13:15:02.124Z,61,0.4,1.536,49.6,0,60.2,0,0,0,0,0,0,0,0,2
2025-09-26T13:15:03.123Z,61,0.4,1.536,50.4,0,60.2,0,0,0,0,0,0,0,0,2
2025-09-26T13:15:04.128Z,61,0.4,1.536,49.6,0,60.2,0,0,0,0,0,0,0,0,2
2025-09-26T13:15:05.130Z,61,0.4,1.536,49.6,0,60.2,0,0,0,0,0,0,0,0,2
2025-09-26T13:15:06.128Z,61,0.4,1.536,49.6,0,60.2,0,0,0,0,0,0,0,0,2
2025-09-26T13:15:07.127Z,61,0.4,1.536,50.4,0,60.2,0,0,0,0,0,0,0,0,2
2025-09-26T13:15:08.125Z,61,0.4,1.536,49.6,0,60.2,0,0,0,0,0,0,0,0,2
2025-09-26T13:15:09.130Z,61,0.4,1.536,50.4,0,60.2,0,0,0,0,0,0,0,0,2
2025-09-26T13:15:10.132Z,61,0.4,1.536,49.6,0,60.2,0,0,0,0,0,0,0,0,2
2025-09-26T13:15:11.126Z,61,0.4,1.536,50.4,0,60.2,0,0,0,0,0,0,0,0,2
2025-09-26T13:15:12.131Z,61,0.4,1.536,49.6,0,60.2,0,0,0,0,0,0,0,0,2
2025-09-26T13:15:13.132Z,61,0.4,1.536,50.4,0,60.2,0,0,0,0,0,0,0,0,2
2025-09-26T13:15:14.128Z,61,0.4,1.536,49.6,0,60.2,0,0,0,0,0,0,0,0,2
2025-09-26T13:15:15.127Z,61,0.4,1.536,49.6,0,60.2,0,0,0,0,0,0,0,0,2
2025-09-26T13:15:16.132Z,61,0.3,1.535,50.4,0,60.2,0,0,0,0,0,0,0,0,2
2025-09-26T13:15:17.127Z,61,0.4,1.536,49.6,0,60.2,0,0,0,0,0,0,0,0,2
2025-09-26T13:15:18.133Z,61,0.3,1.536,50.4,0,60.2,0,0,0,0,0,0,0,0,2
2025-09-26T13:15:19.134Z,61,0.4,1.536,49.6,0,60.2,0,0,0,0,0,0,0,0,2
2025-09-26T13:15:20.128Z,61,0.4,1.536,50.4,0,60.2,0,0,0,0,0,0,0,0,2
2025-09-26T13:15:21.131Z,61,0.4,1.536,49.6,0,60.2,0,0,0,0,0,0,0,0,2
2025-09-26T13:15:22.136Z,61,0.3,1.536,50.4,0,60.2,0,0,0,0,0,0,0,0,2
2025-09-26T13:15:23.133Z,61,0.4,1.536,49.6,0,60.2,0,0,0,0,0,0,0,0,2
2025-09-26T13:15:24.136Z,61,0.4,1.536,50.4,0,60.2,0,0,0,0,0,0,0,0,2
2025-09-26T13:15:25.142Z,61,0.3,1.536,49.6,0,60.2,0,0,0,0,0,0,0,0,2
2025-09-26T13:15:26.140Z,61,0.3,1.536,50.4,0,60.2,0,0,0,0,0,0,0,0,2
2025-09-26T13:15:27.140Z,61,0.3,1.536,49.6,0,60.2,0,0,0,0,0,0,0,0,2
2025-09-26T13:15:28.148Z,61,0.3,1.536,50.4,0,60.2,0,0,0,0,0,0,0,0,2
2025-09-26T13:15:29.145Z,60.9,0.3,1.536,49.6,0,60.2,0,0,0,0,0,0,0,0,2
2025-09-26T13:15:30.141Z,60.9,0.3,1.536,50.4,0,60.2,0,0,0,0,0,0,0,0,2
2025-09-26T13:15:31.144Z,60.9,0.3,1.536,49.6,0,60.2,0,0,0,0,0,0,0,0,2
2025-09-26T13:15:32.143Z,60.9,0.3,1.536,50.4,0,60.2,0,0,0,0,0,0,0,0,2
2025-09-26T13:15:33.149Z,60.9,0.3,1.536,49.6,0,60.2,0,0,0,0,0,0,0,0,2
2025-09-26T13:15:34.145Z,60.9,0.3,1.536,49.6,0,60.2,0,0,0,0,0,0,0,0,2
2025-09-26T13:15:35.147Z,60.9,0.3,1.536,50.4,0,60.2,0,0,0,0,0,0,0,0,2
2025-09-26T13:15:36.147Z,60.9,0.3,1.536,49.6,0,60.1,0,0,0,0,0,0,0,0,2
2025-09-26T13:15:37.148Z,60.9,0.3,1.536,50.4,0,60.1,0,0,0,0,0,0,0,0,2
2025-09-26T13:15:38.143Z,60.9,0.4,1.536,49.6,0,60.1,0,0,0,0,0,0,0,0,2
2025-09-26T13:15:39.150Z,60.9,0.3,1.536,50.4,0,60.1,0,0,0,0,0,0,0,0,2
2025-09-26T13:15:40.145Z,60.9,0.3,1.536,49.6,0,60.1,0,0,0,0,0,0,0,0,2
2025-09-26T13:15:41.151Z,60.9,0.3,1.536,50.4,0,60.1,0,0,0,0,0,0,0,0,2
2025-09-26T13:15:42.149Z,60.9,0.3,1.536,49.6,0,60.1,0,0,0,0,0,0,0,0,2
2025-09-26T13:15:43.149Z,60.9,0.3,1.536,50.4,0,60.1,0,0,0,0,0,0,0,0,2
2025-09-26T13:15:44.150Z,60.9,0.3,1.536,49.6,0,60.1,0,0,0,0,0,0,0,0,2
2025-09-26T13:15:45.152Z,60.9,0.3,1.536,50.4,0,60.1,0,0,0,0,0,0,0,0,2
2025-09-26T13:15:46.149Z,60.9,0.3,1.536,49.6,0,60.1,0,0,0,0,0,0,0,0,2
2025-09-26T13:15:47.151Z,60.9,0.3,1.536,50.4,0,60.1,0,0,0,0,0,0,0,0,2
2025-09-26T13:15:48.147Z,60.9,0.3,1.536,49.6,0,60.1,0,0,0,0,0,0,0,0,2
2025-09-26T13:15:49.150Z,60.9,0.3,1.536,50.4,0,60.1,0,0,0,0,0,0,0,0,2
2025-09-26T13:15:50.155Z,60.9,0.3,1.536,49.6,0,60.1,0,0,0,0,0,0,0,0,2
2025-09-26T13:15:51.151Z,60.9,0.3,1.536,50.4,0,60.1,0,0,0,0,0,0,0,0,2
2025-09-26T13:15:52.153Z,60.8,0.3,1.536,49.6,0,60.1,0,0,0,0,0,0,0,0,2
2025-09-26T13:15:53.159Z,60.8,0.3,1.536,50.4,0,60.1,0,0,0,0,0,0,0,0,2
2025-09-26T13:15:54.153Z,60.8,0.3,1.536,49.6,0,60.1,0,0,0,0,0,0,0,0,2
2025-09-26T13:15:55.156Z,60.8,0.3,1.536,50.4,0,60.1,0,0,0,0,0,0,0,0,2
2025-09-26T13:15:56.162Z,60.8,0.3,1.536,49.6,0,60.1,0,0,0,0,0,0,0,0,2
2025-09-26T13:15:57.160Z,60.8,0.3,1.536,50.4,0,60.1,0,0,0,0,0,0,0,0,2
2025-09-26T13:15:58.161Z,60.8,0.3,1.536,49.6,0,60.1,0,0,0,0,0,0,0,0,2
2025-09-26T13:15:59.161Z,60.8,0.3,1.536,50.4,0,60.1,0,0,0,0,0,0,0,0,2
2025-09-26T13:16:00.158Z,60.8,0.3,1.536,49.6,0,60.1,0,0,0,0,0,0,0,0,2
2025-09-26T13:16:01.164Z,60.8,0.3,1.536,50.4,0,60.1,0,0,0,0,0,0,0,0,2
2025-09-26T13:16:02.163Z,60.8,0.3,1.536,49.6,0,60.1,0,0,0,0,0,0,0,0,2
2025-09-26T13:16:03.164Z,60.8,0.3,1.536,50.4,0,60.1,0,0,0,0,0,0,0,0,3
2025-09-26T13:16:04.164Z,60.8,0.3,1.536,49.6,0,60.1,0,0,0,0,0,0,0,0,3
2025-09-26T13:16:05.166Z,60.8,0.6,1.547,50.4,0,60.1,0,0,0,0,0,0,0,0,3
2025-09-26T13:16:06.167Z,60.8,0.6,1.549,49.6,0,60.1,0,0,0,0,0,0,0,0,3
2025-09-26T13:16:07.168Z,60.8,0.6,1.549,50.4,0,60.1,0,0,0,0,0,0,0,0,3
2025-09-26T13:16:08.172Z,60.8,0.6,1.55,49.6,0,60.1,0,0,0,0,0,0,0,0,3
2025-09-26T13:16:09.168Z,60.8,0.6,1.549,49.6,0,60.1,0,0,0,0,0,0,0,0,3
2025-09-26T13:16:10.168Z,60.8,0.6,1.549,50.4,0,60.1,0,0,0,0,0,0,0,0,3
2025-09-26T13:16:11.173Z,60.8,0.6,1.55,50.4,0,60.1,0,0,0,0,0,0,0,0,3
2025-09-26T13:16:12.173Z,60.8,0.6,1.549,50.4,0,60.1,0,0,0,0,0,0,0,0,3
2025-09-26T13:16:13.171Z,60.8,0.6,1.549,49.6,0,60.1,0,0,0,0,0,0,0,0,3
2025-09-26T13:16:14.169Z,60.7,0.6,1.549,50.4,0,60.1,0,0,0,0,0,0,0,0,3
2025-09-26T13:16:15.169Z,60.7,0.6,1.549,49.6,0,60.1,0,0,0,0,0,0,0,0,3
2025-09-26T13:16:16.175Z,60.7,0.6,1.55,50.4,0,60.1,0,0,0,0,0,0,0,0,3
2025-09-26T13:16:17.172Z,60.7,0.6,1.549,49.6,0,60.1,0,0,0,0,0,0,0,0,3
2025-09-26T13:16:18.176Z,60.7,0.6,1.55,50.4,0,60.1,0,0,0,0,0,0,0,0,3
2025-09-26T13:16:19.175Z,60.7,0.6,1.55,49.6,0,60.1,0,0,0,0,0,0,0,0,3
2025-09-26T13:16:20.173Z,60.7,0.6,1.549,50.4,0,60.1,0,0,0,0,0,0,0,0,3
2025-09-26T13:16:21.171Z,60.7,0.6,1.549,49.6,0,60.1,0,0,0,0,0,0,0,0,3
2025-09-26T13:16:22.173Z,60.7,0.6,1.549,50.4,0,60.1,0,0,0,0,0,0,0,0,3
2025-09-26T13:16:23.176Z,60.7,0.6,1.55,49.6,0,60.1,0,0,0,0,0,0,0,0,3
2025-09-26T13:16:24.179Z,60.7,0.6,1.55,50.4,0,60.1,0,0,0,0,0,0,0,0,3
2025-09-26T13:16:25.180Z,60.7,0.6,1.55,49.6,0,60.1,0,0,0,0,0,0,0,0,3
2025-09-26T13:16:26.181Z,60.7,0.6,1.55,50.4,0,60.1,0,0,0,0,0,0,0,0,3
2025-09-26T13:16:27.181Z,60.7,0.6,1.55,49.6,0,60.1,0,0,0,0,0,0,0,0,3
2025-09-26T13:16:28.183Z,60.7,0.6,1.55,50.4,0,60.1,0,0,0,0,0,0,0,0,3
2025-09-26T13:16:29.184Z,60.7,0.6,1.55,49.6,0,60.1,0,0,0,0,0,0,0,0,3
2025-09-26T13:16:30.183Z,60.7,0.6,1.55,50.4,0,60.1,0,0,0,0,0,0,0,0,3
2025-09-26T13:16:31.184Z,60.7,0.6,1.55,49.6,0,60.1,0,0,0,0,0,0,0,0,3
2025-09-26T13:16:32.187Z,60.7,0.6,1.55,50.4,0,60.1,0,0,0,0,0,0,0,0,3
2025-09-26T13:16:33.186Z,60.6,0.6,1.55,49.6,0,60.1,0,0,0,0,0,0,0,0,3
2025-09-26T13:16:34.187Z,60.6,0.6,1.55,50.4,0,60,0,0,0,0,0,0,0,0,3
2025-09-26T13:16:35.185Z,60.6,0.6,1.55,49.6,0,60.1,0,0,0,0,0,0,0,0,3
2025-09-26T13:16:36.184Z,60.6,0.6,1.549,50.4,0,60.1,0,0,0,0,0,0,0,0,3
2025-09-26T13:16:37.188Z,60.6,0.6,1.55,49.6,0,60.1,0,0,0,0,0,0,0,0,3
2025-09-26T13:16:38.187Z,60.6,0.6,1.55,50.4,0,60.1,0,0,0,0,0,0,0,0,3
2025-09-26T13:16:39.189Z,60.6,0.6,1.55,49.6,0,60.1,0,0,0,0,0,0,0,0,3
2025-09-26T13:16:40.188Z,60.6,0.6,1.55,50.4,0,60.1,0,0,0,0,0,0,0,0,3
2025-09-26T13:16:41.188Z,60.6,0.6,1.55,49.6,0,60.1,0,0,0,0,0,0,0,0,3
2025-09-26T13:16:42.189Z,60.6,0.6,1.549,49.6,0,60,0,0,0,0,0,0,0,0,3
2025-09-26T13:16:43.193Z,60.6,0.6,1.55,49.6,0,60,0,0,0,0,0,0,0,0,3
2025-09-26T13:16:44.185Z,60.6,0.6,1.549,50.4,0,60,0,0,0,0,0,0,0,0,3
2025-09-26T13:16:45.192Z,60.6,0.6,1.55,49.6,0,60.1,0,0,0,0,0,0,0,0,3
2025-09-26T13:16:46.191Z,60.6,0.6,1.55,50.4,0,60.1,0,0,0,0,0,0,0,0,3
2025-09-26T13:16:47.185Z,60.6,0.6,1.549,49.6,0,60,0,0,0,0,0,0,0,0,3
2025-09-26T13:16:48.191Z,60.6,0.6,1.55,50.4,0,60,0,0,0,0,0,0,0,0,3
2025-09-26T13:16:49.193Z,60.6,0.6,1.55,49.6,0,60,0,0,0,0,0,0,0,0,3
2025-09-26T13:16:50.189Z,60.5,0.6,1.549,50.4,0,60,0,0,0,0,0,0,0,0,3
2025-09-26T13:16:51.190Z,60.6,0.6,1.549,49.6,0,60,0,0,0,0,0,0,0,0,3
2025-09-26T13:16:52.193Z,60.5,0.6,1.55,50.4,0,60,0,0,0,0,0,0,0,0,3
2025-09-26T13:16:53.191Z,60.5,0.6,1.549,49.6,0,60,0,0,0,0,0,0,0,0,3
2025-09-26T13:16:54.194Z,60.5,0.6,1.55,50.4,0,60,0,0,0,0,0,0,0,0,3
2025-09-26T13:16:55.194Z,60.5,0.6,1.55,49.6,0,60,0,0,0,0,0,0,0,0,3
2025-09-26T13:16:56.201Z,60.5,0.6,1.55,50.4,0,60,0,0,0,0,0,0,0,0,3
2025-09-26T13:16:57.201Z,60.5,0.6,1.55,49.6,0,60,0,0,0,0,0,0,0,0,3
2025-09-26T13:16:58.195Z,60.5,0.6,1.549,50.4,0,60,0,0,0,0,0,0,0,0,3
2025-09-26T13:16:59.200Z,60.5,0.6,1.55,49.6,0,60,0,0,0,0,0,0,0,0,3
2025-09-26T13:17:00.198Z,60.5,0.6,1.55,50.4,0,60,0,0,0,0,0,0,0,0,3
2025-09-26T13:17:01.198Z,60.5,0.6,1.55,49.6,0,60,0,0,0,0,0,0,0,0,3
2025-09-26T13:17:02.200Z,60.5,0.6,1.549,50.4,0,60,0,0,0,0,0,0,0,0,3
2025-09-26T13:17:03.201Z,60.5,0.6,1.55,49.6,0,60,0,0,0,0,0,0,0,0,3
2025-09-26T13:17:04.211Z,60.5,0.6,1.55,50.4,0,60,0,0,0,0,0,0,0,0,3
2025-09-26T13:17:05.203Z,60.5,0.6,1.55,49.6,0,60,0,0,0,0,0,0,0,0,3
2025-09-26T13:17:06.205Z,60.4,0.6,1.55,50.4,0,60,0,0,0,0,0,0,0,0,3
2025-09-26T13:17:07.207Z,60.4,0.6,1.55,49.6,0,60,0,0,0,0,0,0,0,0,3
2025-09-26T13:17:08.207Z,60.4,0.6,1.55,49.6,0,60,0,0,0,0,0,0,0,0,3
2025-09-26T13:17:09.205Z,60.4,0.6,1.55,49.6,0,60,0,0,0,0,0,0,0,0,3
2025-09-26T13:17:10.214Z,60.4,0.6,1.55,50.4,0,60,0,0,0,0,0,0,0,0,3
2025-09-26T13:17:11.212Z,60.4,0.6,1.55,49.6,0,60,0,0,0,0,0,0,0,0,3
2025-09-26T13:17:12.208Z,60.4,0.6,1.55,50.4,0,60,0,0,0,0,0,0,0,0,3
2025-09-26T13:17:13.208Z,60.4,0.6,1.55,49.6,0,60,0,0,0,0,0,0,0,0,3
2025-09-26T13:17:14.207Z,60.4,0.6,1.55,50.4,0,60,0,0,0,0,0,0,0,0,3
2025-09-26T13:17:15.205Z,60.4,0.6,1.55,49.6,0,60,0,0,0,0,0,0,0,0,3
2025-09-26T13:17:16.204Z,60.4,0.6,1.55,49.6,0,60,0,0,0,0,0,0,0,0,3
2025-09-26T13:17:17.208Z,60.4,0.6,1.55,50.4,0,60,0,0,0,0,0,0,0,0,3
2025-09-26T13:17:18.210Z,60.4,0.6,1.55,49.6,0,60,0,0,0,0,0,0,0,0,3
2025-09-26T13:17:19.211Z,60.4,0.6,1.55,50.4,0,60,0,0,0,0,0,0,0,0,3
2025-09-26T13:17:20.216Z,60.4,0.6,1.55,49.6,0,60,0,0,0,0,0,0,0,0,3
2025-09-26T13:17:21.216Z,60.4,0.6,1.55,49.6,0,60,0,0,0,0,0,0,0,0,3
2025-09-26T13:17:22.213Z,60.3,0.6,1.55,49.6,0,60,0,0,0,0,0,0,0,0,3
2025-09-26T13:17:23.217Z,60.3,0.6,1.55,50.4,0,60,0,0,0,0,0,0,0,0,3
2025-09-26T13:17:24.216Z,60.3,0.6,1.55,49.6,0,60,0,0,0,0,0,0,0,0,3
2025-09-26T13:17:25.220Z,60.3,0.6,1.55,50.4,0,60,0,0,0,0,0,0,0,0,3
2025-09-26T13:17:26.218Z,60.3,0.6,1.55,49.6,0,60,0,0,0,0,0,0,0,0,3
2025-09-26T13:17:27.215Z,60.3,0.6,1.55,50.4,0,60,0,0,0,0,0,0,0,0,3
2025-09-26T13:17:28.220Z,60.3,0.6,1.55,49.6,0,60,0,0,0,0,0,0,0,0,3
2025-09-26T13:17:29.218Z,60.3,0.6,1.55,50.4,0,60,0,0,0,0,0,0,0,0,3
2025-09-26T13:17:30.220Z,60.3,0.6,1.55,49.6,0,60,0,0,0,0,0,0,0,0,3
2025-09-26T13:17:31.217Z,60.3,0.6,1.55,50.4,0,60,0,0,0,0,0,0,0,0,3
2025-09-26T13:17:32.227Z,60.3,0.6,1.55,49.6,0,60,0,0,0,0,0,0,0,0,3
2025-09-26T13:17:33.224Z,60.3,0.6,1.55,50.4,0,60,0,0,0,0,0,0,0,0,3
2025-09-26T13:17:34.226Z,60.3,0.6,1.55,49.6,0,60,0,0,0,0,0,0,0,0,3
2025-09-26T13:17:35.223Z,60.3,0.6,1.55,50.4,0,60,0,0,0,0,0,0,0,0,3
2025-09-26T13:17:36.227Z,60.3,0.6,1.55,49.6,0,60,0,0,0,0,0,0,0,0,3
2025-09-26T13:17:37.224Z,60.3,0.6,1.55,50.4,0,60,0,0,0,0,0,0,0,0,3
2025-09-26T13:17:38.232Z,60.3,0.6,1.55,49.6,0,60,0,0,0,0,0,0,0,0,3
2025-09-26T13:17:39.231Z,60.2,0.6,1.55,50.4,0,60,0,0,0,0,0,0,0,0,3
2025-09-26T13:17:40.231Z,60.2,0.6,1.55,49.6,0,60,0,0,0,0,0,0,0,0,3
2025-09-26T13:17:41.231Z,60.2,0.6,1.55,50.4,0,60,0,0,0,0,0,0,0,0,3
2025-09-26T13:17:42.236Z,60.2,0.6,1.55,49.6,0,60,0,0,0,0,0,0,0,0,3
2025-09-26T13:17:43.232Z,60.2,0.6,1.55,50.4,0,60,0,0,0,0,0,0,0,0,3
2025-09-26T13:17:44.233Z,60.2,0.6,1.55,49.6,0,60,0,0,0,0,0,0,0,0,3
2025-09-26T13:17:45.234Z,60.2,0.6,1.55,50.4,0,60,0,0,0,0,0,0,0,0,3
2025-09-26T13:17:46.234Z,60.2,0.6,1.55,49.6,0,60,0,0,0,0,0,0,0,0,3
2025-09-26T13:17:47.230Z,60.2,0.6,1.55,50.4,0,60,0,0,0,0,0,0,0,0,3
2025-09-26T13:17:48.229Z,60.2,0.6,1.55,49.6,0,60,0,0,0,0,0,0,0,0,3
2025-09-26T13:17:49.232Z,60.2,0.6,1.55,50.4,0,60,0,0,0,0,0,0,0,0,3
2025-09-26T13:17:50.234Z,60.2,0.6,1.55,49.6,0,60,0,0,0,0,0,0,0,0,3
2025-09-26T13:17:51.234Z,60.2,0.6,1.55,50.4,0,60,0,0,0,0,0,0,0,0,3
2025-09-26T13:17:52.229Z,60.2,0.6,1.551,49.6,0,60,0,0,0,0,0,0,0,0,3
2025-09-26T13:17:53.234Z,60.2,0.6,1.55,49.6,0,60,0,0,0,0,0,0,0,0,3
2025-09-26T13:17:54.235Z,60.2,0.6,1.55,50.4,0,60,0,0,0,0,0,0,0,0,3
2025-09-26T13:17:55.237Z,60.1,0.6,1.55,49.6,0,60,0,0,0,0,0,0,0,0,3
2025-09-26T13:17:56.237Z,60.1,0.6,1.55,50.4,0,60,0,0,0,0,0,0,0,0,3
2025-09-26T13:17:57.238Z,60.1,0.6,1.55,49.6,0,60,0,0,0,0,0,0,0,0,3
2025-09-26T13:17:58.237Z,60.1,0.6,1.55,50.4,0,60,0,0,0,0,0,0,0,0,3
2025-09-26T13:17:59.241Z,60.1,0.6,1.55,49.6,0,60,0,0,0,0,0,0,0,0,3
2025-09-26T13:18:00.240Z,60.1,0.6,1.55,50.4,0,60,0,0,0,0,0,0,0,0,3
2025-09-26T13:18:01.238Z,60.1,0.6,1.55,49.6,0,60,0,0,0,0,0,0,0,0,3
2025-09-26T13:18:02.243Z,60.1,0.6,1.55,50.4,0,60,0,0,0,0,0,0,0,0,3
2025-09-26T13:18:03.243Z,60.1,0.6,1.55,49.6,0,60,0,0,0,0,0,0,0,0,3
2025-09-26T13:18:04.245Z,60.1,0.6,1.55,50.4,0,60,0,0,0,0,0,0,0,0,3
2025-09-26T13:18:05.245Z,60.1,0.6,1.55,49.6,0,60,0,0,0,0,0,0,0,0,3
2025-09-26T13:18:06.248Z,60.1,0.6,1.55,50.4,0,60,0,0,0,0,0,0,0,0,3
2025-09-26T13:18:07.253Z,60.1,0.6,1.55,49.6,0,60,0,0,0,0,0,0,0,0,3
2025-09-26T13:18:08.252Z,60.1,0.6,1.55,50.4,0,60,0,0,0,0,0,0,0,0,3
2025-09-26T13:18:09.248Z,60.1,0.6,1.55,49.6,0,60,0,0,0,0,0,0,0,0,3
2025-09-26T13:18:10.252Z,60.1,0.6,1.55,50.4,0,60,0,0,0,0,0,0,0,0,3
2025-09-26T13:18:11.251Z,60,0.6,1.55,49.6,0,60,0,0,0,0,0,0,0,0,3
2025-09-26T13:18:12.251Z,60,0.6,1.55,50.4,0,60,0,0,0,0,0,0,0,0,3
2025-09-26T13:18:13.252Z,60,0.6,1.55,49.6,0,60,0,0,0,0,0,0,0,0,3
2025-09-26T13:18:14.249Z,60,0.6,1.55,50.4,0,60,0,0,0,0,0,0,0,0,3
2025-09-26T13:18:15.252Z,60,0.6,1.55,49.6,0,60,0,0,0,0,0,0,0,0,3
2025-09-26T13:18:16.254Z,60,0.6,1.55,50.4,0,60,0,0,0,0,0,0,0,0,3
2025-09-26T13:18:17.251Z,60,0.6,1.55,49.6,0,60,0,0,0,0,0,0,0,0,3
2025-09-26T13:18:18.256Z,60,0.6,1.55,50.4,0,60,0,0,0,0,0,0,0,0,3
2025-09-26T13:18:19.250Z,60,0.6,1.55,49.6,0,60,0,0,0,0,0,0,0,0,3
2025-09-26T13:18:20.255Z,60,0.6,1.55,50.4,0,60,0,0,0,0,0,0,0,0,3
2025-09-26T13:18:21.251Z,60,0.6,1.55,49.6,0,60,0,0,0,0,0,0,0,0,3
2025-09-26T13:18:22.257Z,60,0.6,1.55,50.4,0,60,0,0,0,0,0,0,0,0,3
2025-09-26T13:18:23.258Z,60,0.6,1.55,49.6,0,60,0,0,0,0,0,0,0,0,3
2025-09-26T13:18:24.258Z,60,0.6,1.55,50.4,0,60,0,0,0,0,0,0,0,0,3
2025-09-26T13:18:25.258Z,60,0.6,1.55,49.6,0,60,0,0,0,0,0,0,0,0,3
2025-09-26T13:18:26.264Z,60,0.6,1.55,49.6,0,60,0,0,0,0,0,0,0,0,3
2025-09-26T13:18:27.262Z,60,0.6,1.55,49.6,0,60,0,0,0,0,0,0,0,0,3
2025-09-26T13:18:28.263Z,60,0.6,1.55,50.4,0,60,0,0,0,0,0,0,0,0,3
2025-09-26T13:18:29.259Z,60,0.6,1.55,49.6,0,60,0,0,0,0,0,0,0,0,3
2025-09-26T13:18:30.266Z,60,0.6,1.55,50.4,0,60,0,0,0,0,0,0,0,0,3
2025-09-26T13:18:31.262Z,60,0.6,1.55,49.6,0,60,0,0,0,0,0,0,0,0,3
2025-09-26T13:18:32.267Z,59.9,0.6,1.55,50.4,0,60,0,0,0,0,0,0,0,0,3
2025-09-26T13:18:33.265Z,59.9,0.6,1.55,49.6,0,60,0,0,0,0,0,0,0,0,3
2025-09-26T13:18:34.266Z,59.9,0.6,1.55,50.4,0,60,0,0,0,0,0,0,0,0,3
2025-09-26T13:18:35.265Z,59.9,0.6,1.55,49.6,0,60,0,0,0,0,0,0,0,0,3
2025-09-26T13:18:36.264Z,59.9,0.6,1.55,50.4,0,60,0,0,0,0,0,0,0,0,3
2025-09-26T13:18:37.266Z,59.9,0.6,1.55,49.6,0,60,0,0,0,0,0,0,0,0,3
2025-09-26T13:18:38.268Z,59.9,0.6,1.55,50.4,0,60,0,0,0,0,0,0,0,0,3
2025-09-26T13:18:39.269Z,59.9,0.6,1.55,49.6,0,60,0,0,0,0,0,0,0,0,3
2025-09-26T13:18:40.269Z,59.9,0.6,1.55,50.4,0,60,0,0,0,0,0,0,0,0,3
2025-09-26T13:18:41.272Z,59.9,0.6,1.55,49.6,0,60,0,0,0,0,0,0,0,0,3
2025-09-26T13:18:42.277Z,59.9,0.6,1.55,50.4,0,60,0,0,0,0,0,0,0,0,3
2025-09-26T13:18:43.278Z,59.9,0.6,1.55,49.6,0,60,0,0,0,0,0,0,0,0,3
2025-09-26T13:18:44.272Z,59.9,0.6,1.55,50.4,0,60,0,0,0,0,0,0,0,0,3
2025-09-26T13:18:45.278Z,59.9,0.6,1.55,49.6,0,60,0,0,0,0,0,0,0,0,3
2025-09-26T13:18:46.273Z,59.9,0.6,1.55,50.4,0,60,0,0,0,0,0,0,0,0,3
2025-09-26T13:18:47.275Z,59.9,0.6,1.55,49.6,0,60,0,0,0,0,0,0,0,0,3
2025-09-26T13:18:48.276Z,59.9,0.6,1.55,50.4,0,60,0,0,0,0,0,0,0,0,3
2025-09-26T13:18:49.280Z,59.9,0.6,1.55,49.6,0,60,0,0,0,0,0,0,0,0,3
2025-09-26T13:18:50.278Z,59.8,0.6,1.55,49.6,0,60,0,0,0,0,0,0,0,0,3
2025-09-26T13:18:51.279Z,59.8,0.6,1.55,49.6,0,60,0,0,0,0,0,0,0,0,3
2025-09-26T13:18:52.281Z,59.8,0.6,1.55,50.4,0,60,0,0,0,0,0,0,0,0,3
2025-09-26T13:18:53.285Z,59.8,0.6,1.55,49.6,0,60,0,0,0,0,0,0,0,0,3
2025-09-26T13:18:54.280Z,59.8,0.6,1.55,50.4,0,60,0,0,0,0,0,0,0,0,3
2025-09-26T13:18:55.282Z,59.8,0.6,1.55,49.6,0,60,0,0,0,0,0,0,0,0,3
2025-09-26T13:18:56.280Z,59.8,0.6,1.55,50.4,0,60,0,0,0,0,0,0,0,0,3
2025-09-26T13:18:57.287Z,59.8,0.6,1.55,49.6,0,60,0,0,0,0,0,0,0,0,3
2025-09-26T13:18:58.284Z,59.8,0.6,1.55,50.4,0,60,0,0,0,0,0,0,0,0,3
2025-09-26T13:18:59.285Z,59.8,0.6,1.55,49.6,0,60,0,0,0,0,0,0,0,0,3
2025-09-26T13:19:00.284Z,59.8,0.6,1.55,50.4,0,60,0,0,0,0,0,0,0,0,3
2025-09-26T13:19:01.284Z,59.8,0.6,1.55,49.6,0,60,0,0,0,0,0,0,0,0,3
2025-09-26T13:19:02.289Z,59.8,0.6,1.55,50.4,0,60,0,0,0,0,0,0,0,0,3
2025-09-26T13:19:03.287Z,59.8,0.6,1.55,49.6,0,60,0,0,0,0,0,0,0,0,3
2025-09-26T13:19:04.289Z,59.8,0.6,1.55,49.6,0,60,0,0,0,0,0,0,0,0,3
2025-09-26T13:19:05.293Z,59.8,0.6,1.55,50.4,0,60,0,0,0,0,0,0,0,0,3
2025-09-26T13:19:06.292Z,59.8,0.6,1.55,49.6,0,60,0,0,0,0,0,0,0,0,3
2025-09-26T13:19:07.293Z,59.8,0.6,1.55,50.4,0,60,0,0,0,0,0,0,0,0,3
2025-09-26T13:19:08.291Z,59.8,0.6,1.55,49.6,0,60,0,0,0,0,0,0,0,0,3
2025-09-26T13:19:09.291Z,59.7,0.6,1.55,50.4,0,60,0,0,0,0,0,0,0,0,3
2025-09-26T13:19:10.291Z,59.7,0.6,1.55,49.6,0,60,0,0,0,0,0,0,0,0,3
2025-09-26T13:19:11.294Z,59.7,0.6,1.55,50.4,0,60,0,0,0,0,0,0,0,0,3
2025-09-26T13:19:12.296Z,59.7,0.6,1.55,49.6,0,60,0,0,0,0,0,0,0,0,3
2025-09-26T13:19:13.296Z,59.7,0.6,1.55,50.4,0,60,0,0,0,0,0,0,0,0,3
2025-09-26T13:19:14.296Z,59.7,0.6,1.55,49.6,0,60,0,0,0,0,0,0,0,0,3
2025-09-26T13:19:15.294Z,59.7,0.6,1.55,50.4,0,60,0,0,0,0,0,0,0,0,3
2025-09-26T13:19:16.295Z,59.7,0.6,1.55,49.6,0,60,0,0,0,0,0,0,0,0,3
2025-09-26T13:19:17.298Z,59.7,0.6,1.55,50.4,0,60,0,0,0,0,0,0,0,0,3
2025-09-26T13:19:18.299Z,59.7,0.6,1.55,49.6,0,60,0,0,0,0,0,0,0,0,3
2025-09-26T13:19:19.299Z,59.7,0.6,1.55,50.4,0,60,0,0,0,0,0,0,0,0,3
2025-09-26T13:19:20.301Z,59.7,0.6,1.55,49.6,0,60,0,0,0,0,0,0,0,0,3
2025-09-26T13:19:21.302Z,59.7,0.6,1.55,50.4,0,60,0,0,0,0,0,0,0,0,3
2025-09-26T13:19:22.296Z,59.7,0.6,1.55,49.6,0,60,0,0,0,0,0,0,0,0,3
2025-09-26T13:19:23.303Z,59.7,0.6,1.55,50.4,0,60,0,0,0,0,0,0,0,0,3
2025-09-26T13:19:24.304Z,59.7,0.6,1.55,49.6,0,60,0,0,0,0,0,0,0,0,3
2025-09-26T13:19:25.303Z,59.7,0.6,1.55,50.4,0,60,0,0,0,0,0,0,0,0,3
2025-09-26T13:19:26.305Z,59.7,0.6,1.55,49.6,0,60,0,0,0,0,0,0,0,0,3
2025-09-26T13:19:27.303Z,59.7,0.6,1.55,50.4,0,60,0,0,0,0,0,0,0,0,3
2025-09-26T13:19:28.298Z,59.6,0.6,1.551,49.6,0,60,0,0,0,0,0,0,0,0,3
2025-09-26T13:19:29.305Z,59.6,0.6,1.55,49.6,0,60,0,0,0,0,0,0,0,0,3
2025-09-26T13:19:30.314Z,59.6,0.6,1.551,49.6,0,60,0,0,0,0,0,0,0,0,3
2025-09-26T13:19:31.307Z,59.6,0.6,1.55,50.4,0,60,0,0,0,0,0,0,0,0,3
2025-09-26T13:19:32.307Z,59.6,0.6,1.55,49.6,0,60,0,0,0,0,0,0,0,0,3
2025-09-26T13:19:33.309Z,59.6,0.6,1.55,50.4,0,60,0,0,0,0,0,0,0,0,3
2025-09-26T13:19:34.311Z,59.6,0.6,1.55,49.6,0,60,0,0,0,0,0,0,0,0,3
2025-09-26T13:19:35.314Z,59.6,0.6,1.55,50.4,0,60,0,0,0,0,0,0,0,0,3
2025-09-26T13:19:36.311Z,59.6,0.6,1.55,49.6,0,60,0,0,0,0,0,0,0,0,3
2025-09-26T13:19:37.315Z,59.6,0.6,1.55,50.4,0,60,0,0,0,0,0,0,0,0,3
2025-09-26T13:19:38.311Z,59.6,0.6,1.55,49.6,0,60,0,0,0,0,0,0,0,0,3
2025-09-26T13:19:39.315Z,59.6,0.6,1.55,50.4,0,60,0,0,0,0,0,0,0,0,3
2025-09-26T13:19:40.312Z,59.6,0.6,1.551,49.6,0,60,0,0,0,0,0,0,0,0,3
2025-09-26T13:19:41.315Z,59.6,0.6,1.55,50.4,0,60,0,0,0,0,0,0,0,0,3
2025-09-26T13:19:42.317Z,59.6,0.6,1.55,49.6,0,60,0,0,0,0,0,0,0,0,3
2025-09-26T13:19:43.316Z,59.6,0.6,1.55,49.6,0,60,0,0,0,0,0,0,0,0,3
2025-09-26T13:19:44.317Z,59.6,0.6,1.55,50.4,0,60,0,0,0,0,0,0,0,0,3
2025-09-26T13:19:45.320Z,59.6,0.6,1.55,49.6,0,60,0,0,0,0,0,0,0,0,3
2025-09-26T13:19:46.319Z,59.6,0.6,1.55,49.6,0,60,0,0,0,0,0,0,0,0,3
2025-09-26T13:19:47.316Z,59.6,0.6,1.55,49.6,0,60,0,0,0,0,0,0,0,0,3
2025-09-26T13:19:48.316Z,59.6,0.6,1.55,50.4,0,60,0,0,0,0,0,0,0,0,3
2025-09-26T13:19:49.322Z,59.5,0.6,1.55,49.6,0,60,0,0,0,0,0,0,0,0,3
2025-09-26T13:19:50.325Z,59.5,0.6,1.55,50.4,0,60,0,0,0,0,0,0,0,0,3
2025-09-26T13:19:51.324Z,59.5,0.6,1.55,49.6,0,60,0,0,0,0,0,0,0,0,3
2025-09-26T13:19:52.320Z,59.5,0.6,1.55,50.4,0,60,0,0,0,0,0,0,0,0,3
2025-09-26T13:19:53.324Z,59.5,0.6,1.55,49.6,0,60,0,0,0,0,0,0,0,0,3
2025-09-26T13:19:54.324Z,59.5,0.6,1.55,50.4,0,60,0,0,0,0,0,0,0,0,3
2025-09-26T13:19:55.327Z,59.5,0.6,1.55,49.6,0,60,0,0,0,0,0,0,0,0,3
2025-09-26T13:19:56.322Z,59.5,0.6,1.55,50.4,0,60,0,0,0,0,0,0,0,0,3
2025-09-26T13:19:57.329Z,59.5,0.6,1.55,49.6,0,60,0,0,0,0,0,0,0,0,3
2025-09-26T13:19:58.333Z,59.5,0.6,1.55,49.6,0,60,0,0,0,0,0,0,0,0,3
2025-09-26T13:19:59.335Z,59.5,0.6,1.55,50.4,0,60,0,0,0,0,0,0,0,0,3
2025-09-26T13:20:00.332Z,59.5,0.6,1.551,49.6,0,60,0,0,0,0,0,0,0,0,3
2025-09-26T13:20:01.336Z,59.5,0.6,1.551,50.4,0,60,0,0,0,0,0,0,0,0,3
2025-09-26T13:20:02.340Z,59.5,0.6,1.551,49.6,0,60,0,0,0,0,0,0,0,0,3
2025-09-26T13:20:03.334Z,59.5,0.6,1.55,50.4,0,60,0,0,0,0,0,0,0,0,3
2025-09-26T13:20:04.335Z,59.5,0.6,1.55,49.6,0,60,0,0,0,0,0,0,0,0,3
2025-09-26T13:20:05.336Z,59.5,0.6,1.551,50.4,0,60,0,0,0,0,0,0,0,0,3
2025-09-26T13:20:06.339Z,59.5,0.6,1.55,49.6,0,60,0,0,0,0,0,0,0,0,3
2025-09-26T13:20:07.341Z,59.5,0.6,1.551,50.4,0,60,0,0,0,0,0,0,0,0,3
2025-09-26T13:20:08.342Z,59.5,0.6,1.551,49.6,0,60,0,0,0,0,0,0,0,0,3
2025-09-26T13:20:09.344Z,59.5,0.6,1.55,50.4,0,60,0,0,0,0,0,0,0,0,3
2025-09-26T13:20:10.346Z,59.5,0.6,1.551,49.6,0,60.1,0,0,0,0,0,0,0,0,3
2025-09-26T13:20:11.346Z,59.5,0.6,1.55,50.4,0,60.1,0,0,0,0,0,0,0,0,3
2025-09-26T13:20:12.349Z,59.5,0.6,1.551,49.6,0,60.1,0,0,0,0,0,0,0,0,3
2025-09-26T13:20:13.346Z,59.5,0.6,1.55,50.4,0,60,0,0,0,0,0,0,0,0,3
2025-09-26T13:20:14.345Z,59.5,0.6,1.551,49.6,0,60.1,0,0,0,0,0,0,0,0,3
2025-09-26T13:20:15.343Z,59.5,0.6,1.551,50.4,0,60.1,0,0,0,0,0,0,0,0,3
2025-09-26T13:20:16.344Z,59.5,0.6,1.551,49.6,0,60,0,0,0,0,0,0,0,0,3
2025-09-26T13:20:17.342Z,59.5,0.6,1.551,50.4,0,60.1,0,0,0,0,0,0,0,0,3
2025-09-26T13:20:18.342Z,59.5,0.6,1.551,49.6,0,60.1,0,0,0,0,0,0,0,0,3
2025-09-26T13:20:19.345Z,59.4,0.6,1.551,50.4,0,60.1,0,0,0,0,0,0,0,0,3
2025-09-26T13:20:20.349Z,59.4,0.6,1.551,49.6,0,60.1,0,0,0,0,0,0,0,0,3
2025-09-26T13:20:21.353Z,59.4,0.6,1.551,50.4,0,60.1,0,0,0,0,0,0,0,0,3
2025-09-26T13:20:22.352Z,59.4,0.6,1.551,49.6,0,60.1,0,0,0,0,0,0,0,0,3
2025-09-26T13:20:23.348Z,59.4,0.6,1.551,50.4,0,60.1,0,0,0,0,0,0,0,0,3
2025-09-26T13:20:24.351Z,59.4,0.6,1.551,49.6,0,60.1,0,0,0,0,0,0,0,0,3
2025-09-26T13:20:25.347Z,59.4,0.6,1.551,50.4,0,60.1,0,0,0,0,0,0,0,0,3
2025-09-26T13:20:26.349Z,59.4,0.6,1.551,49.6,0,60.1,0,0,0,0,0,0,0,0,3
2025-09-26T13:20:27.352Z,59.4,0.6,1.551,50.4,0,60.1,0,0,0,0,0,0,0,0,3
2025-09-26T13:20:28.351Z,59.4,0.6,1.551,49.6,0,60.1,0,0,0,0,0,0,0,0,3
2025-09-26T13:20:29.354Z,59.4,0.6,1.551,50.4,0,60.1,0,0,0,0,0,0,0,0,3
2025-09-26T13:20:30.355Z,59.4,0.6,1.551,49.6,0,60.1,0,0,0,0,0,0,0,0,3
2025-09-26T13:20:31.356Z,59.4,0.6,1.551,50.4,0,60.1,0,0,0,0,0,0,0,0,3
2025-09-26T13:20:32.358Z,59.4,0.6,1.551,49.6,0,60.1,0,0,0,0,0,0,0,0,3
2025-09-26T13:20:33.357Z,59.4,0.6,1.551,50.4,0,60.1,0,0,0,0,0,0,0,0,3
2025-09-26T13:20:34.358Z,59.4,0.6,1.551,49.6,0,60.1,0,0,0,0,0,0,0,0,3
2025-09-26T13:20:35.357Z,59.4,0.6,1.551,50.4,0,60.1,0,0,0,0,0,0,0,0,3
2025-09-26T13:20:36.363Z,59.4,0.6,1.551,49.6,0,60.1,0,0,0,0,0,0,0,0,3
2025-09-26T13:20:37.357Z,59.4,0.6,1.551,50.4,0,60.1,0,0,0,0,0,0,0,0,3
2025-09-26T13:20:38.360Z,59.4,0.6,1.551,49.6,0,60.1,0,0,0,0,0,0,0,0,3
2025-09-26T13:20:39.365Z,59.4,0.6,1.551,50.4,0,60.1,0,0,0,0,0,0,0,0,3
2025-09-26T13:20:40.364Z,59.4,0.6,1.551,49.6,0,60.1,0,0,0,0,0,0,0,0,3
2025-09-26T13:20:41.365Z,59.4,0.6,1.551,49.6,0,60.1,0,0,0,0,0,0,0,0,3
2025-09-26T13:20:42.362Z,59.4,0.6,1.551,49.6,0,60.1,0,0,0,0,0,0,0,0,3
2025-09-26T13:20:43.363Z,59.4,0.6,1.551,49.6,0,60.1,0,0,0,0,0,0,0,0,3
2025-09-26T13:20:44.366Z,59.4,0.6,1.551,50.4,0,60.1,0,0,0,0,0,0,0,0,3
2025-09-26T13:20:45.368Z,59.4,0.6,1.551,49.6,0,60.1,0,0,0,0,0,0,0,0,3
2025-09-26T13:20:46.364Z,59.4,0.6,1.551,50.4,0,60.1,0,0,0,0,0,0,0,0,3
2025-09-26T13:20:47.366Z,59.4,0.6,1.551,49.6,0,60.1,0,0,0,0,0,0,0,0,3
2025-09-26T13:20:48.368Z,59.4,0.6,1.551,50.4,0,60.1,0,0,0,0,0,0,0,0,3
2025-09-26T13:20:49.369Z,59.3,0.6,1.551,49.6,0,60.1,0,0,0,0,0,0,0,0,3
2025-09-26T13:20:50.368Z,59.4,0.6,1.551,50.4,0,60.1,0,0,0,0,0,0,0,0,3
2025-09-26T13:20:51.367Z,59.4,0.6,1.551,49.6,0,60.1,0,0,0,0,0,0,0,0,3
2025-09-26T13:20:52.365Z,59.3,0.6,1.551,49.6,0,60.1,0,0,0,0,0,0,0,0,3
2025-09-26T13:20:53.367Z,59.3,0.6,1.551,50.4,0,60.1,0,0,0,0,0,0,0,0,3
2025-09-26T13:20:54.371Z,59.3,0.6,1.552,49.6,0,60.1,0,0,0,0,0,0,0,0,3
2025-09-26T13:20:55.373Z,59.3,0.6,1.551,50.4,0,60.1,0,0,0,0,0,0,0,0,3
2025-09-26T13:20:56.374Z,59.3,0.6,1.551,49.6,0,60.2,0,0,0,0,0,0,0,0,3
2025-09-26T13:20:57.373Z,59.3,0.6,1.551,50.4,0,60.1,0,0,0,0,0,0,0,0,3
2025-09-26T13:20:58.375Z,59.3,0.6,1.551,49.6,0,60.2,0,0,0,0,0,0,0,0,3
2025-09-26T13:20:59.373Z,59.3,0.6,1.551,50.4,0,60.2,0,0,0,0,0,0,0,0,3
2025-09-26T13:21:00.376Z,59.3,0.6,1.551,49.6,0,60.2,0,0,0,0,0,0,0,0,3
2025-09-26T13:21:01.376Z,59.3,0.6,1.551,50.4,0,60.2,0,0,0,0,0,0,0,0,3
2025-09-26T13:21:02.379Z,59.3,0.6,1.551,49.6,0,60.2,0,0,0,0,0,0,0,0,3
2025-09-26T13:21:03.379Z,59.3,0.6,1.551,50.4,0,60.2,0,0,0,0,0,0,0,0,4
2025-09-26T13:21:04.377Z,59.3,0.6,1.551,49.6,0,60.2,0,0,0,0,0,0,0,0,4
2025-09-26T13:21:05.382Z,59.3,0.8,1.561,50.4,0,60.2,0,0,0,0,0,0,0,0,4
2025-09-26T13:21:06.378Z,59.3,0.8,1.561,49.6,0,60.2,0,0,0,0,0,0,0,0,4
2025-09-26T13:21:07.380Z,59.3,0.8,1.561,49.6,0,60.2,0,0,0,0,0,0,0,0,4
2025-09-26T13:21:08.384Z,59.3,0.8,1.561,49.6,0,60.2,0,0,0,0,0,0,0,0,4
2025-09-26T13:21:09.387Z,59.3,0.8,1.561,49.6,0,60.2,0,0,0,0,0,0,0,0,4
2025-09-26T13:21:10.385Z,59.3,0.8,1.561,50.4,0,60.2,0,0,0,0,0,0,0,0,4
2025-09-26T13:21:11.385Z,59.3,0.8,1.561,49.6,0,60.2,0,0,0,0,0,0,0,0,4
2025-09-26T13:21:12.386Z,59.3,0.8,1.561,50.4,0,60.2,0,0,0,0,0,0,0,0,4
2025-09-26T13:21:13.386Z,59.3,0.8,1.561,49.6,0,60.2,0,0,0,0,0,0,0,0,4
2025-09-26T13:21:14.383Z,59.3,0.8,1.561,49.6,0,60.2,0,0,0,0,0,0,0,0,4
2025-09-26T13:21:15.387Z,59.3,0.8,1.561,50.4,0,60.2,0,0,0,0,0,0,0,0,4
2025-09-26T13:21:16.391Z,59.3,0.8,1.561,49.6,0,60.2,0,0,0,0,0,0,0,0,4
2025-09-26T13:21:17.388Z,59.3,0.8,1.562,49.6,0,60.2,0,0,0,0,0,0,0,0,4
2025-09-26T13:21:18.390Z,59.3,0.8,1.561,50.4,0,60.2,0,0,0,0,0,0,0,0,4
2025-09-26T13:21:19.390Z,59.3,0.8,1.561,50.4,0,60.2,0,0,0,0,0,0,0,0,4
2025-09-26T13:21:20.392Z,59.3,0.8,1.562,49.6,0,60.2,0,0,0,0,0,0,0,0,4
2025-09-26T13:21:21.390Z,59.3,0.8,1.562,50.4,0,60.1,0,0,0,0,0,0,0,0,4
2025-09-26T13:21:22.391Z,59.3,0.8,1.562,49.6,0,60.1,0,0,0,0,0,0,0,0,4
2025-09-26T13:21:23.394Z,59.3,0.8,1.562,50.4,0,60.1,0,0,0,0,0,0,0,0,4
2025-09-26T13:21:24.392Z,59.3,0.8,1.562,49.6,0,60.1,0,0,0,0,0,0,0,0,4
2025-09-26T13:21:25.391Z,59.3,0.8,1.561,50.4,0,60.1,0,0,0,0,0,0,0,0,4
2025-09-26T13:21:26.401Z,59.3,0.8,1.563,49.6,0,60.1,0,0,0,0,0,0,0,0,4
2025-09-26T13:21:27.399Z,59.3,0.8,1.562,49.6,0,60.1,0,0,0,0,0,0,0,0,4
2025-09-26T13:21:28.399Z,59.3,0.8,1.562,50.4,0,60.1,0,0,0,0,0,0,0,0,4
2025-09-26T13:21:29.401Z,59.3,0.8,1.562,49.6,0,60.1,0,0,0,0,0,0,0,0,4
2025-09-26T13:21:30.401Z,59.3,0.8,1.562,50.4,0,60.1,0,0,0,0,0,0,0,0,4
2025-09-26T13:21:31.399Z,59.3,0.8,1.562,49.6,0,60.1,0,0,0,0,0,0,0,0,4
2025-09-26T13:21:32.403Z,59.3,0.8,1.562,50.4,0,60.1,0,0,0,0,0,0,0,0,4
2025-09-26T13:21:33.404Z,59.3,0.8,1.562,50.4,0,60.1,0,0,0,0,0,0,0,0,4
2025-09-26T13:21:34.403Z,59.3,0.8,1.562,49.6,0,60.1,0,0,0,0,0,0,0,0,4
2025-09-26T13:21:35.403Z,59.3,0.8,1.562,49.6,0,60.1,0,0,0,0,0,0,0,0,4
2025-09-26T13:21:36.411Z,59.3,0.8,1.563,49.6,0,60,0,0,0,0,0,0,0,0,4
2025-09-26T13:21:37.407Z,59.3,0.8,1.562,50.4,0,60,0,0,0,0,0,0,0,0,4
2025-09-26T13:21:38.408Z,59.3,0.8,1.562,49.6,0,60,0,0,0,0,0,0,0,0,4
2025-09-26T13:21:39.408Z,59.3,0.8,1.562,49.6,0,60,0,0,0,0,0,0,0,0,4
2025-09-26T13:21:40.415Z,59.3,0.8,1.563,50.4,0,60,0,0,0,0,0,0,0,0,4
2025-09-26T13:21:41.410Z,59.3,0.8,1.562,49.6,0,60,0,0,0,0,0,0,0,0,4
2025-09-26T13:21:42.414Z,59.3,0.8,1.563,49.6,0,60,0,0,0,0,0,0,0,0,4
2025-09-26T13:21:43.416Z,59.3,0.8,1.563,50.4,0,60,0,0,0,0,0,0,0,0,4
2025-09-26T13:21:44.413Z,59.3,0.8,1.563,49.6,0,60,0,0,0,0,0,0,0,0,4
2025-09-26T13:21:45.410Z,59.3,0.8,1.562,49.6,0,60,0,0,0,0,0,0,0,0,4
2025-09-26T13:21:46.413Z,59.3,0.8,1.563,50.4,0,60,0,0,0,0,0,0,0,0,4
2025-09-26T13:21:47.412Z,59.3,0.8,1.562,50.4,0,60,0,0,0,0,0,0,0,0,4
2025-09-26T13:21:48.411Z,59.3,0.8,1.562,49.6,0,60,0,0,0,0,0,0,0,0,4
2025-09-26T13:21:49.414Z,59.3,0.8,1.562,50.4,0,60,0,0,0,0,0,0,0,0,4
2025-09-26T13:21:50.418Z,59.3,0.8,1.563,49.6,0,59.9,0,0,0,0,0,0,0,0,4
2025-09-26T13:21:51.416Z,59.3,0.8,1.563,50.4,0,59.9,0,0,0,0,0,0,0,0,4
2025-09-26T13:21:52.415Z,59.3,0.8,1.562,50.4,0,59.9,0,0,0,0,0,0,0,0,4
2025-09-26T13:21:53.423Z,59.3,0.8,1.563,49.6,0,59.9,0,0,0,0,0,0,0,0,4
2025-09-26T13:21:54.418Z,59.3,0.8,1.562,50.4,0,59.9,0,0,0,0,0,0,0,0,4
2025-09-26T13:21:55.417Z,59.3,0.8,1.562,49.6,0,59.9,0,0,0,0,0,0,0,0,4
2025-09-26T13:21:56.423Z,59.3,0.8,1.563,50.4,0,59.9,0,0,0,0,0,0,0,0,4
2025-09-26T13:21:57.423Z,59.3,0.8,1.563,50.4,0,59.9,0,0,0,0,0,0,0,0,4
2025-09-26T13:21:58.424Z,59.3,0.8,1.563,49.6,0,59.9,0,0,0,0,0,0,0,0,4
2025-09-26T13:21:59.427Z,59.3,0.8,1.563,50.4,0,59.9,0,0,0,0,0,0,0,0,4
2025-09-26T13:22:00.422Z,59.3,0.8,1.562,49.6,0,59.9,0,0,0,0,0,0,0,0,4
2025-09-26T13:22:01.429Z,59.3,0.8,1.563,50.4,0,59.9,0,0,0,0,0,0,0,0,4
2025-09-26T13:22:02.426Z,59.3,0.8,1.562,49.6,0,59.9,0,0,0,0,0,0,0,0,4
2025-09-26T13:22:03.431Z,59.3,0.8,1.563,50.4,0,59.9,0,0,0,0,0,0,0,0,4
2025-09-26T13:22:04.427Z,59.3,0.8,1.562,49.6,0,59.9,0,0,0,0,0,0,0,0,4
2025-09-26T13:22:05.431Z,59.3,0.8,1.563,50.4,0,59.9,0,0,0,0,0,0,0,0,4
2025-09-26T13:22:06.432Z,59.3,0.8,1.563,49.6,0,59.9,0,0,0,0,0,0,0,0,4
2025-09-26T13:22:07.431Z,59.3,0.8,1.563,49.6,0,59.8,0,0,0,0,0,0,0,0,4
2025-09-26T13:22:08.431Z,59.3,0.8,1.563,50.4,0,59.8,0,0,0,0,0,0,0,0,4
2025-09-26T13:22:09.431Z,59.3,0.8,1.562,49.6,0,59.8,0,0,0,0,0,0,0,0,4
2025-09-26T13:22:10.438Z,59.3,0.8,1.563,50.4,0,59.8,0,0,0,0,0,0,0,0,4
2025-09-26T13:22:11.434Z,59.3,0.8,1.563,49.6,0,59.8,0,0,0,0,0,0,0,0,4
2025-09-26T13:22:12.435Z,59.3,0.8,1.563,50.4,0,59.8,0,0,0,0,0,0,0,0,4
2025-09-26T13:22:13.436Z,59.3,0.8,1.563,49.6,0,59.8,0,0,0,0,0,0,0,0,4
2025-09-26T13:22:14.437Z,59.4,0.8,1.563,50.4,0,59.8,0,0,0,0,0,0,0,0,4
2025-09-26T13:22:15.437Z,59.3,0.8,1.563,49.6,0,59.8,0,0,0,0,0,0,0,0,4
2025-09-26T13:22:16.437Z,59.3,0.8,1.563,50.4,0,59.8,0,0,0,0,0,0,0,0,4
2025-09-26T13:22:17.437Z,59.3,0.8,1.563,49.6,0,59.8,0,0,0,0,0,0,0,0,4
2025-09-26T13:22:18.436Z,59.3,0.8,1.563,50.4,0,59.8,0,0,0,0,0,0,0,0,4
2025-09-26T13:22:19.440Z,59.3,0.8,1.563,49.6,0,59.8,0,0,0,0,0,0,0,0,4
2025-09-26T13:22:20.441Z,59.4,0.8,1.563,50.4,0,59.8,0,0,0,0,0,0,0,0,4
2025-09-26T13:22:21.440Z,59.4,0.8,1.563,49.6,0,59.8,0,0,0,0,0,0,0,0,4
2025-09-26T13:22:22.439Z,59.4,0.8,1.562,50.4,0,59.8,0,0,0,0,0,0,0,0,4
2025-09-26T13:22:23.445Z,59.4,0.8,1.563,49.6,0,59.8,0,0,0,0,0,0,0,0,4
2025-09-26T13:22:24.444Z,59.4,0.8,1.563,50.4,0,59.8,0,0,0,0,0,0,0,0,4
2025-09-26T13:22:25.444Z,59.4,0.8,1.563,49.6,0,59.8,0,0,0,0,0,0,0,0,4
2025-09-26T13:22:26.445Z,59.4,0.8,1.563,50.4,0,59.8,0,0,0,0,0,0,0,0,4
2025-09-26T13:22:27.446Z,59.4,0.8,1.563,49.6,0,59.8,0,0,0,0,0,0,0,0,4
2025-09-26T13:22:28.447Z,59.4,0.8,1.563,50.4,0,59.8,0,0,0,0,0,0,0,0,4
2025-09-26T13:22:29.448Z,59.4,0.8,1.563,49.6,0,59.8,0,0,0,0,0,0,0,0,4
2025-09-26T13:22:30.450Z,59.4,0.8,1.563,50.4,0,59.8,0,0,0,0,0,0,0,0,4
2025-09-26T13:22:31.448Z,59.4,0.8,1.563,49.6,0,59.8,0,0,0,0,0,0,0,0,4
2025-09-26T13:22:32.453Z,59.4,0.8,1.563,50.4,0,59.8,0,0,0,0,0,0,0,0,4
2025-09-26T13:22:33.453Z,59.4,0.8,1.563,49.6,0,59.8,0,0,0,0,0,0,0,0,4
2025-09-26T13:22:34.452Z,59.4,0.8,1.563,50.4,0,59.8,0,0,0,0,0,0,0,0,4
2025-09-26T13:22:35.455Z,59.4,0.8,1.563,49.6,0,59.8,0,0,0,0,0,0,0,0,4
2025-09-26T13:22:36.455Z,59.4,0.8,1.563,49.6,0,59.8,0,0,0,0,0,0,0,0,4
2025-09-26T13:22:37.461Z,59.4,0.8,1.562,49.6,0,59.8,0,0,0,0,0,0,0,0,4
2025-09-26T13:22:38.458Z,59.4,0.8,1.563,49.6,0,59.8,0,0,0,0,0,0,0,0,4
2025-09-26T13:22:39.457Z,59.4,0.8,1.563,50.4,0,59.8,0,0,0,0,0,0,0,0,4
2025-09-26T13:22:40.462Z,59.4,0.8,1.563,49.6,0,59.8,0,0,0,0,0,0,0,0,4
2025-09-26T13:22:41.464Z,59.4,0.8,1.563,50.4,0,59.8,0,0,0,0,0,0,0,0,4
2025-09-26T13:22:42.463Z,59.4,0.8,1.563,49.6,0,59.8,0,0,0,0,0,0,0,0,4
2025-09-26T13:22:43.467Z,59.4,0.8,1.562,50.4,0,59.8,0,0,0,0,0,0,0,0,4
2025-09-26T13:22:44.464Z,59.4,0.8,1.563,49.6,0,59.8,0,0,0,0,0,0,0,0,4
2025-09-26T13:22:45.463Z,59.4,0.8,1.563,50.4,0,59.8,0,0,0,0,0,0,0,0,4
2025-09-26T13:22:46.460Z,59.4,0.8,1.563,49.6,0,59.8,0,0,0,0,0,0,0,0,4
2025-09-26T13:22:47.463Z,59.4,0.8,1.563,49.6,0,59.8,0,0,0,0,0,0,0,0,4
2025-09-26T13:22:48.467Z,59.4,0.8,1.563,50.4,0,59.8,0,0,0,0,0,0,0,0,4
2025-09-26T13:22:49.466Z,59.4,0.8,1.563,49.6,0,59.8,0,0,0,0,0,0,0,0,4
2025-09-26T13:22:50.468Z,59.4,0.8,1.563,50.4,0,59.8,0,0,0,0,0,0,0,0,4
2025-09-26T13:22:51.465Z,59.4,0.8,1.563,49.6,0,59.8,0,0,0,0,0,0,0,0,4
2025-09-26T13:22:52.466Z,59.4,0.8,1.563,49.6,0,59.7,0,0,0,0,0,0,0,0,4
2025-09-26T13:22:53.468Z,59.4,0.8,1.563,50.4,0,59.7,0,0,0,0,0,0,0,0,4
2025-09-26T13:22:54.467Z,59.4,0.8,1.563,49.6,0,59.7,0,0,0,0,0,0,0,0,4
2025-09-26T13:22:55.470Z,59.4,0.8,1.563,50.4,0,59.7,0,0,0,0,0,0,0,0,4
2025-09-26T13:22:56.468Z,59.4,0.8,1.563,50.4,0,59.7,0,0,0,0,0,0,0,0,4
2025-09-26T13:22:57.474Z,59.5,0.8,1.563,49.6,0,59.7,0,0,0,0,0,0,0,0,4
2025-09-26T13:22:58.475Z,59.5,0.8,1.563,49.6,0,59.7,0,0,0,0,0,0,0,0,4
2025-09-26T13:22:59.474Z,59.5,0.8,1.563,49.6,0,59.7,0,0,0,0,0,0,0,0,4
2025-09-26T13:23:00.471Z,59.5,0.8,1.563,50.4,0,59.7,0,0,0,0,0,0,0,0,4
2025-09-26T13:23:01.477Z,59.5,0.8,1.563,49.6,0,59.7,0,0,0,0,0,0,0,0,4
2025-09-26T13:23:02.477Z,59.5,0.8,1.563,49.6,0,59.7,0,0,0,0,0,0,0,0,4
2025-09-26T13:23:03.474Z,59.5,0.8,1.563,50.4,0,59.7,0,0,0,0,0,0,0,0,4
2025-09-26T13:23:04.479Z,59.5,0.8,1.563,49.6,0,59.7,0,0,0,0,0,0,0,0,4
2025-09-26T13:23:05.478Z,59.5,0.8,1.563,50.4,0,59.7,0,0,0,0,0,0,0,0,4
2025-09-26T13:23:06.481Z,59.5,0.8,1.563,50.4,0,59.7,0,0,0,0,0,0,0,0,4
2025-09-26T13:23:07.479Z,59.5,0.8,1.563,49.6,0,59.7,0,0,0,0,0,0,0,0,4
2025-09-26T13:23:08.482Z,59.5,0.8,1.563,50.4,0,59.7,0,0,0,0,0,0,0,0,4
2025-09-26T13:23:09.483Z,59.5,0.8,1.562,49.6,0,59.7,0,0,0,0,0,0,0,0,4
2025-09-26T13:23:10.480Z,59.5,0.8,1.563,50.4,0,59.7,0,0,0,0,0,0,0,0,4
2025-09-26T13:23:11.483Z,59.5,0.8,1.563,49.6,0,59.7,0,0,0,0,0,0,0,0,4
2025-09-26T13:23:12.481Z,59.5,0.8,1.563,49.6,0,59.7,0,0,0,0,0,0,0,0,4
2025-09-26T13:23:13.483Z,59.5,0.8,1.563,50.4,0,59.7,0,0,0,0,0,0,0,0,4
2025-09-26T13:23:14.480Z,59.5,0.8,1.563,50.4,0,59.7,0,0,0,0,0,0,0,0,4
2025-09-26T13:23:15.487Z,59.5,0.8,1.562,49.6,0,59.7,0,0,0,0,0,0,0,0,4
2025-09-26T13:23:16.486Z,59.5,0.8,1.563,50.4,0,59.7,0,0,0,0,0,0,0,0,4
2025-09-26T13:23:17.483Z,59.5,0.8,1.563,49.6,0,59.7,0,0,0,0,0,0,0,0,4
2025-09-26T13:23:18.488Z,59.5,0.8,1.563,50.4,0,59.7,0,0,0,0,0,0,0,0,4
2025-09-26T13:23:19.487Z,59.5,0.8,1.563,49.6,0,59.7,0,0,0,0,0,0,0,0,4
2025-09-26T13:23:20.481Z,59.6,0.8,1.563,50.4,0,59.7,0,0,0,0,0,0,0,0,4
2025-09-26T13:23:21.487Z,59.6,0.8,1.563,49.6,0,59.7,0,0,0,0,0,0,0,0,4
2025-09-26T13:23:22.487Z,59.6,0.8,1.563,50.4,0,59.7,0,0,0,0,0,0,0,0,4
2025-09-26T13:23:23.491Z,59.6,0.8,1.563,49.6,0,59.7,0,0,0,0,0,0,0,0,4
2025-09-26T13:23:24.489Z,59.6,0.8,1.563,49.6,0,59.7,0,0,0,0,0,0,0,0,4
2025-09-26T13:23:25.488Z,59.6,0.8,1.563,50.4,0,59.7,0,0,0,0,0,0,0,0,4
2025-09-26T13:23:26.490Z,59.6,0.8,1.563,49.6,0,59.7,0,0,0,0,0,0,0,0,4
2025-09-26T13:23:27.492Z,59.6,0.8,1.563,50.4,0,59.7,0,0,0,0,0,0,0,0,4
2025-09-26T13:23:28.491Z,59.6,0.8,1.563,49.6,0,59.7,0,0,0,0,0,0,0,0,4
2025-09-26T13:23:29.494Z,59.6,0.8,1.563,49.6,0,59.7,0,0,0,0,0,0,0,0,4
2025-09-26T13:23:30.498Z,59.6,0.8,1.562,50.4,0,59.7,0,0,0,0,0,0,0,0,4
2025-09-26T13:23:31.498Z,59.6,0.8,1.562,49.6,0,59.7,0,0,0,0,0,0,0,0,4
2025-09-26T13:23:32.495Z,59.6,0.8,1.563,49.6,0,59.7,0,0,0,0,0,0,0,0,4
2025-09-26T13:23:33.501Z,59.6,0.8,1.562,50.4,0,59.7,0,0,0,0,0,0,0,0,4
2025-09-26T13:23:34.499Z,59.6,0.8,1.562,49.6,0,59.7,0,0,0,0,0,0,0,0,4
2025-09-26T13:23:35.507Z,59.6,0.8,1.562,49.6,0,59.7,0,0,0,0,0,0,0,0,4
2025-09-26T13:23:36.505Z,59.6,0.8,1.561,50.4,0,59.7,0,0,0,0,0,0,0,0,4
2025-09-26T13:23:37.502Z,59.7,0.8,1.563,49.6,0,59.7,0,0,0,0,0,0,0,0,4
2025-09-26T13:23:38.501Z,59.7,0.8,1.563,50.4,0,59.7,0,0,0,0,0,0,0,0,4
2025-09-26T13:23:39.500Z,59.7,0.8,1.563,50.4,0,59.8,0,0,0,0,0,0,0,0,4
2025-09-26T13:23:40.513Z,59.7,0.8,1.562,49.6,0,59.8,0,0,0,0,0,0,0,0,4
2025-09-26T13:23:41.506Z,59.7,0.8,1.561,50.4,0,59.8,0,0,0,0,0,0,0,0,4
2025-09-26T13:23:42.508Z,59.7,0.8,1.561,49.6,0,59.7,0,0,0,0,0,0,0,0,4
2025-09-26T13:23:43.505Z,59.7,0.8,1.562,49.6,0,59.8,0,0,0,0,0,0,0,0,4
2025-09-26T13:23:44.504Z,59.7,0.8,1.562,50.4,0,59.7,0,0,0,0,0,0,0,0,4
2025-09-26T13:23:45.508Z,59.7,0.8,1.561,49.6,0,59.8,0,0,0,0,0,0,0,0,4
2025-09-26T13:23:46.505Z,59.7,0.8,1.562,49.6,0,59.8,0,0,0,0,0,0,0,0,4
2025-09-26T13:23:47.505Z,59.7,0.8,1.562,50.4,0,59.8,0,0,0,0,0,0,0,0,4
2025-09-26T13:23:48.510Z,59.7,0.8,1.561,50.4,0,59.7,0,0,0,0,0,0,0,0,4
2025-09-26T13:23:49.511Z,59.7,0.8,1.561,49.6,0,59.7,0,0,0,0,0,0,0,0,4
2025-09-26T13:23:50.512Z,59.7,0.8,1.561,50.4,0,59.7,0,0,0,0,0,0,0,0,4
2025-09-26T13:23:51.515Z,59.8,0.8,1.561,49.6,0,59.7,0,0,0,0,0,0,0,0,4
2025-09-26T13:23:52.509Z,59.8,0.8,1.562,50.4,0,59.7,0,0,0,0,0,0,0,0,4
2025-09-26T13:23:53.515Z,59.8,0.8,1.561,50.4,0,59.7,0,0,0,0,0,0,0,0,4
2025-09-26T13:23:54.514Z,59.8,0.8,1.561,49.6,0,59.7,0,0,0,0,0,0,0,0,4
2025-09-26T13:23:55.511Z,59.8,0.8,1.562,50.4,0,59.7,0,0,0,0,0,0,0,0,4
2025-09-26T13:23:56.519Z,59.8,0.8,1.561,49.6,0,59.7,0,0,0,0,0,0,0,0,4
2025-09-26T13:23:57.516Z,59.8,0.8,1.561,50.4,0,59.7,0,0,0,0,0,0,0,0,4
2025-09-26T13:23:58.517Z,59.8,0.8,1.561,49.6,0,59.7,0,0,0,0,0,0,0,0,4
2025-09-26T13:23:59.521Z,59.8,0.8,1.561,50.4,0,59.7,0,0,0,0,0,0,0,0,4
2025-09-26T13:24:00.526Z,59.8,0.8,1.561,49.6,0,59.7,0,0,0,0,0,0,0,0,4
2025-09-26T13:24:01.525Z,59.8,0.8,1.561,50.4,0,59.7,0,0,0,0,0,0,0,0,4
2025-09-26T13:24:02.523Z,59.8,0.8,1.561,49.6,0,59.7,0,0,0,0,0,0,0,0,4
2025-09-26T13:24:03.519Z,59.8,0.8,1.561,49.6,0,59.7,0,0,0,0,0,0,0,0,4
2025-09-26T13:24:04.521Z,59.8,0.8,1.561,50.4,0,59.7,0,0,0,0,0,0,0,0,4
2025-09-26T13:24:05.524Z,59.8,0.8,1.561,49.6,0,59.7,0,0,0,0,0,0,0,0,4
2025-09-26T13:24:06.525Z,59.9,0.8,1.561,50.4,0,59.7,0,0,0,0,0,0,0,0,4
2025-09-26T13:24:07.523Z,59.9,0.8,1.561,49.6,0,59.7,0,0,0,0,0,0,0,0,4
2025-09-26T13:24:08.530Z,59.9,0.8,1.561,49.6,0,59.7,0,0,0,0,0,0,0,0,4
2025-09-26T13:24:09.529Z,59.9,0.8,1.561,50.4,0,59.7,0,0,0,0,0,0,0,0,4
2025-09-26T13:24:10.529Z,59.9,0.8,1.561,49.6,0,59.7,0,0,0,0,0,0,0,0,4
2025-09-26T13:24:11.528Z,59.9,0.8,1.561,49.6,0,59.7,0,0,0,0,0,0,0,0,4
2025-09-26T13:24:12.522Z,59.9,0.8,1.562,50.4,0,59.7,0,0,0,0,0,0,0,0,4
2025-09-26T13:24:13.529Z,59.9,0.8,1.561,49.6,0,59.7,0,0,0,0,0,0,0,0,4
2025-09-26T13:24:14.529Z,59.9,0.8,1.561,50.4,0,59.7,0,0,0,0,0,0,0,0,4
2025-09-26T13:24:15.528Z,59.9,0.8,1.561,50.4,0,59.7,0,0,0,0,0,0,0,0,4
2025-09-26T13:24:16.528Z,59.9,0.8,1.561,49.6,0,59.7,0,0,0,0,0,0,0,0,4
2025-09-26T13:24:17.531Z,59.9,0.8,1.561,50.4,0,59.7,0,0,0,0,0,0,0,0,4
2025-09-26T13:24:18.527Z,59.9,0.8,1.561,49.6,0,59.7,0,0,0,0,0,0,0,0,4
2025-09-26T13:24:19.528Z,59.9,0.8,1.561,50.4,0,59.7,0,0,0,0,0,0,0,0,4
2025-09-26T13:24:20.535Z,60,0.8,1.561,50.4,0,59.7,0,0,0,0,0,0,0,0,4
2025-09-26T13:24:21.536Z,60,0.8,1.561,49.6,0,59.7,0,0,0,0,0,0,0,0,4
2025-09-26T13:24:22.534Z,60,0.8,1.561,49.6,0,59.7,0,0,0,0,0,0,0,0,4
2025-09-26T13:24:23.534Z,60,0.8,1.561,49.6,0,59.7,0,0,0,0,0,0,0,0,4
2025-09-26T13:24:24.534Z,60,0.8,1.561,50.4,0,59.7,0,0,0,0,0,0,0,0,4
2025-09-26T13:24:25.536Z,60,0.8,1.561,49.6,0,59.7,0,0,0,0,0,0,0,0,4
2025-09-26T13:24:26.537Z,60,0.8,1.561,49.6,0,59.7,0,0,0,0,0,0,0,0,4
2025-09-26T13:24:27.539Z,60,0.8,1.561,50.4,0,59.7,0,0,0,0,0,0,0,0,4
2025-09-26T13:24:28.539Z,60,0.8,1.561,49.6,0,59.7,0,0,0,0,0,0,0,0,4
2025-09-26T13:24:29.540Z,60,0.8,1.561,49.6,0,59.7,0,0,0,0,0,0,0,0,4
2025-09-26T13:24:30.537Z,60,0.8,1.561,50.4,0,59.7,0,0,0,0,0,0,0,0,4
2025-09-26T13:24:31.545Z,60,0.8,1.561,50.4,0,59.7,0,0,0,0,0,0,0,0,4
2025-09-26T13:24:32.542Z,60,0.8,1.561,49.6,0,59.7,0,0,0,0,0,0,0,0,4
2025-09-26T13:24:33.540Z,60.1,0.8,1.561,50.4,0,59.7,0,0,0,0,0,0,0,0,4
2025-09-26T13:24:34.543Z,60.1,0.8,1.561,49.6,0,59.7,0,0,0,0,0,0,0,0,4
2025-09-26T13:24:35.547Z,60.1,0.8,1.561,50.4,0,59.7,0,0,0,0,0,0,0,0,4
2025-09-26T13:24:36.545Z,60.1,0.8,1.561,49.6,0,59.7,0,0,0,0,0,0,0,0,4
2025-09-26T13:24:37.545Z,60.1,0.8,1.561,49.6,0,59.7,0,0,0,0,0,0,0,0,4
2025-09-26T13:24:38.548Z,60.1,0.8,1.561,50.4,0,59.7,0,0,0,0,0,0,0,0,4
2025-09-26T13:24:39.547Z,60.1,0.8,1.561,49.6,0,59.6,0,0,0,0,0,0,0,0,4
2025-09-26T13:24:40.553Z,60.1,0.8,1.561,50.4,0,59.7,0,0,0,0,0,0,0,0,4
2025-09-26T13:24:41.551Z,60.1,0.8,1.561,50.4,0,59.6,0,0,0,0,0,0,0,0,4
2025-09-26T13:24:42.551Z,60.1,0.8,1.561,49.6,0,59.6,0,0,0,0,0,0,0,0,4
2025-09-26T13:24:43.553Z,60.1,0.8,1.561,50.4,0,59.6,0,0,0,0,0,0,0,0,4
2025-09-26T13:24:44.556Z,60.1,0.8,1.561,49.6,0,59.6,0,0,0,0,0,0,0,0,4
2025-09-26T13:24:45.549Z,60.1,0.8,1.561,50.4,0,59.6,0,0,0,0,0,0,0,0,4
2025-09-26T13:24:46.555Z,60.2,0.8,1.561,49.6,0,59.6,0,0,0,0,0,0,0,0,4
2025-09-26T13:24:47.558Z,60.2,0.8,1.561,49.6,0,59.6,0,0,0,0,0,0,0,0,4
2025-09-26T13:24:48.554Z,60.2,0.8,1.561,50.4,0,59.6,0,0,0,0,0,0,0,0,4
2025-09-26T13:24:49.558Z,60.2,0.8,1.561,49.6,0,59.6,0,0,0,0,0,0,0,0,4
2025-09-26T13:24:50.555Z,60.2,0.8,1.561,50.4,0,59.6,0,0,0,0,0,0,0,0,4
2025-09-26T13:24:51.561Z,60.2,0.8,1.561,50.4,0,59.6,0,0,0,0,0,0,0,0,4
2025-09-26T13:24:52.560Z,60.2,0.8,1.561,49.6,0,59.6,0,0,0,0,0,0,0,0,4
2025-09-26T13:24:53.561Z,60.2,0.8,1.561,49.6,0,59.6,0,0,0,0,0,0,0,0,4
2025-09-26T13:24:54.562Z,60.2,0.8,1.561,49.6,0,59.6,0,0,0,0,0,0,0,0,4
2025-09-26T13:24:55.559Z,60.2,0.8,1.561,50.4,0,59.6,0,0,0,0,0,0,0,0,4
2025-09-26T13:24:56.566Z,60.2,0.8,1.561,50.4,0,59.6,0,0,0,0,0,0,0,0,4
2025-09-26T13:24:57.563Z,60.2,0.8,1.561,49.6,0,59.6,0,0,0,0,0,0,0,0,4
2025-09-26T13:24:58.566Z,60.2,0.8,1.561,50.4,0,59.6,0,0,0,0,0,0,0,0,4
2025-09-26T13:24:59.565Z,60.3,0.8,1.561,49.6,0,59.6,0,0,0,0,0,0,0,0,4
2025-09-26T13:25:00.567Z,60.3,0.8,1.561,50.4,0,59.6,0,0,0,0,0,0,0,0,4
2025-09-26T13:25:01.573Z,60.3,0.8,1.561,49.6,0,59.6,0,0,0,0,0,0,0,0,4
2025-09-26T13:25:02.573Z,60.3,0.8,1.561,49.6,0,59.6,0,0,0,0,0,0,0,0,4
2025-09-26T13:25:03.571Z,60.3,0.8,1.561,50.4,0,59.6,0,0,0,0,0,0,0,0,4
2025-09-26T13:25:04.571Z,60.3,0.8,1.561,50.4,0,59.6,0,0,0,0,0,0,0,0,4
2025-09-26T13:25:05.571Z,60.3,0.8,1.561,49.6,0,59.6,0,0,0,0,0,0,0,0,4
2025-09-26T13:25:06.574Z,60.3,0.8,1.561,49.6,0,59.6,0,0,0,0,0,0,0,0,4
2025-09-26T13:25:07.577Z,60.3,0.8,1.561,49.6,0,59.6,0,0,0,0,0,0,0,0,4
2025-09-26T13:25:08.581Z,60.3,0.8,1.561,50.4,0,59.6,0,0,0,0,0,0,0,0,4
2025-09-26T13:25:09.579Z,60.3,0.8,1.561,49.6,0,59.6,0,0,0,0,0,0,0,0,4
2025-09-26T13:25:10.580Z,60.4,0.8,1.561,49.6,0,59.6,0,0,0,0,0,0,0,0,4
2025-09-26T13:25:11.576Z,60.4,0.8,1.561,50.4,0,59.6,0,0,0,0,0,0,0,0,4
2025-09-26T13:25:12.581Z,60.4,0.8,1.561,49.6,0,59.6,0,0,0,0,0,0,0,0,4
2025-09-26T13:25:13.579Z,60.4,0.8,1.561,49.6,0,59.6,0,0,0,0,0,0,0,0,4
2025-09-26T13:25:14.581Z,60.4,0.8,1.561,50.4,0,59.6,0,0,0,0,0,0,0,0,4
2025-09-26T13:25:15.581Z,60.4,0.8,1.561,50.4,0,59.6,0,0,0,0,0,0,0,0,4
2025-09-26T13:25:16.582Z,60.4,0.8,1.561,49.6,0,59.6,0,0,0,0,0,0,0,0,4
2025-09-26T13:25:17.579Z,60.4,0.8,1.561,50.4,0,59.6,0,0,0,0,0,0,0,0,4
2025-09-26T13:25:18.581Z,60.4,0.8,1.561,49.6,0,59.6,0,0,0,0,0,0,0,0,4
2025-09-26T13:25:19.584Z,60.4,0.8,1.561,50.4,0,59.6,0,0,0,0,0,0,0,0,4
2025-09-26T13:25:20.585Z,60.4,0.8,1.561,49.6,0,59.6,0,0,0,0,0,0,0,0,4
2025-09-26T13:25:21.584Z,60.4,0.8,1.561,50.4,0,59.6,0,0,0,0,0,0,0,0,4
2025-09-26T13:25:22.584Z,60.5,0.8,1.561,50.4,0,59.6,0,0,0,0,0,0,0,0,4
2025-09-26T13:25:23.586Z,60.5,0.8,1.561,49.6,0,59.6,0,0,0,0,0,0,0,0,4
2025-09-26T13:25:24.586Z,60.5,0.8,1.561,50.4,0,59.6,0,0,0,0,0,0,0,0,4
2025-09-26T13:25:25.593Z,60.5,0.8,1.561,49.6,0,59.6,0,0,0,0,0,0,0,0,4
2025-09-26T13:25:26.591Z,60.5,0.8,1.561,50.4,0,59.6,0,0,0,0,0,0,0,0,4
2025-09-26T13:25:27.590Z,60.5,0.8,1.561,49.6,0,59.6,0,0,0,0,0,0,0,0,4
2025-09-26T13:25:28.592Z,60.5,0.8,1.561,50.4,0,59.6,0,0,0,0,0,0,0,0,4
2025-09-26T13:25:29.595Z,60.5,0.8,1.561,49.6,0,59.6,0,0,0,0,0,0,0,0,4
2025-09-26T13:25:30.596Z,60.5,0.8,1.561,50.4,0,59.6,0,0,0,0,0,0,0,0,4
2025-09-26T13:25:31.595Z,60.5,0.8,1.561,50.4,0,59.6,0,0,0,0,0,0,0,0,4
2025-09-26T13:25:32.596Z,60.5,0.8,1.561,49.6,0,59.6,0,0,0,0,0,0,0,0,4
2025-09-26T13:25:33.599Z,60.5,0.8,1.561,50.4,0,59.6,0,0,0,0,0,0,0,0,4
2025-09-26T13:25:34.596Z,60.5,0.8,1.561,49.6,0,59.6,0,0,0,0,0,0,0,0,4
2025-09-26T13:25:35.600Z,60.6,0.8,1.561,49.6,0,59.6,0,0,0,0,0,0,0,0,4
2025-09-26T13:25:36.601Z,60.6,0.8,1.561,49.6,0,59.6,0,0,0,0,0,0,0,0,4
2025-09-26T13:25:37.603Z,60.6,0.8,1.561,50.4,0,59.6,0,0,0,0,0,0,0,0,4
2025-09-26T13:25:38.604Z,60.6,0.8,1.561,49.6,0,59.6,0,0,0,0,0,0,0,0,4
2025-09-26T13:25:39.602Z,60.6,0.8,1.561,49.6,0,59.6,0,0,0,0,0,0,0,0,4
2025-09-26T13:25:40.600Z,60.6,0.8,1.561,50.4,0,59.6,0,0,0,0,0,0,0,0,4
2025-09-26T13:25:41.600Z,60.6,0.8,1.561,49.6,0,59.6,0,0,0,0,0,0,0,0,4
2025-09-26T13:25:42.606Z,60.6,0.8,1.561,50.4,0,59.6,0,0,0,0,0,0,0,0,4
2025-09-26T13:25:43.602Z,60.6,0.8,1.561,49.6,0,59.6,0,0,0,0,0,0,0,0,4
2025-09-26T13:25:44.600Z,60.6,0.8,1.561,49.6,0,59.6,0,0,0,0,0,0,0,0,4
2025-09-26T13:25:45.605Z,60.6,0.8,1.561,50.4,0,59.6,0,0,0,0,0,0,0,0,4
2025-09-26T13:25:46.605Z,60.6,0.8,1.561,49.6,0,59.6,0,0,0,0,0,0,0,0,4
2025-09-26T13:25:47.603Z,60.6,0.8,1.561,49.6,0,59.6,0,0,0,0,0,0,0,0,4
2025-09-26T13:25:48.607Z,60.7,0.8,1.561,50.4,0,59.6,0,0,0,0,0,0,0,0,4
2025-09-26T13:25:49.604Z,60.7,0.8,1.561,49.6,0,59.6,0,0,0,0,0,0,0,0,4
2025-09-26T13:25:50.607Z,60.7,0.8,1.561,50.4,0,59.6,0,0,0,0,0,0,0,0,4
2025-09-26T13:25:51.606Z,60.7,0.8,1.561,50.4,0,59.6,0,0,0,0,0,0,0,0,4
2025-09-26T13:25:52.604Z,60.7,0.8,1.561,49.6,0,59.6,0,0,0,0,0,0,0,0,4
2025-09-26T13:25:53.606Z,60.7,0.8,1.561,50.4,0,59.6,0,0,0,0,0,0,0,0,4
2025-09-26T13:25:54.608Z,60.7,0.8,1.561,49.6,0,59.6,0,0,0,0,0,0,0,0,4
2025-09-26T13:25:55.613Z,60.7,0.8,1.561,50.4,0,59.6,0,0,0,0,0,0,0,0,4
2025-09-26T13:25:56.615Z,60.7,0.8,1.561,49.6,0,59.6,0,0,0,0,0,0,0,0,4
2025-09-26T13:25:57.612Z,60.7,0.8,1.561,50.4,0,59.6,0,0,0,0,0,0,0,0,4
2025-09-26T13:25:58.612Z,60.7,0.8,1.561,49.6,0,59.6,0,0,0,0,0,0,0,0,4
2025-09-26T13:25:59.614Z,60.7,0.8,1.561,50.4,0,59.6,0,0,0,0,0,0,0,0,4
2025-09-26T13:26:00.618Z,60.7,0.8,1.561,49.6,0,59.6,0,0,0,0,0,0,0,0,4
2025-09-26T13:26:01.619Z,60.7,0.8,1.561,49.6,0,59.6,0,0,0,0,0,0,0,0,4
2025-09-26T13:26:02.617Z,60.8,0.8,1.561,50.4,0,59.6,0,0,0,0,0,0,0,0,4
2025-09-26T13:26:03.623Z,60.8,0.8,1.561,50.4,0,59.6,0,0,0,0,0,0,0,0,5
2025-09-26T13:26:04.618Z,60.8,0.8,1.561,49.6,0,59.6,0,0,0,0,0,0,0,0,5
2025-09-26T13:26:05.616Z,60.8,1,1.569,50.4,0,59.6,0,0,0,0,0,0,0,0,5
2025-09-26T13:26:06.623Z,60.8,1,1.569,49.6,0,59.6,0,0,0,0,0,0,0,0,5
2025-09-26T13:26:07.620Z,60.8,1,1.569,50.4,0,59.6,0,0,0,0,0,0,0,0,5
2025-09-26T13:26:08.622Z,60.8,1,1.569,49.6,0,59.6,0,0,0,0,0,0,0,0,5
2025-09-26T13:26:09.621Z,60.8,1,1.569,50.4,0,59.6,0,0,0,0,0,0,0,0,5
2025-09-26T13:26:10.629Z,60.8,1,1.569,49.6,0,59.6,0,0,0,0,0,0,0,0,5
2025-09-26T13:26:11.627Z,60.8,1,1.569,50.4,0,59.6,0,0,0,0,0,0,0,0,5
2025-09-26T13:26:12.629Z,60.8,1,1.569,50.4,0,59.6,0,0,0,0,0,0,0,0,5
2025-09-26T13:26:13.626Z,60.8,1,1.569,49.6,0,59.6,0,0,0,0,0,0,0,0,5
2025-09-26T13:26:14.628Z,60.8,1,1.569,49.6,0,59.6,0,0,0,0,0,0,0,0,5
2025-09-26T13:26:15.637Z,60.8,1,1.569,49.6,0,59.6,0,0,0,0,0,0,0,0,5
2025-09-26T13:26:16.628Z,60.9,1,1.569,50.4,0,59.6,0,0,0,0,0,0,0,0,5
2025-09-26T13:26:17.628Z,60.9,1,1.569,49.6,0,59.6,0,0,0,0,0,0,0,0,5
2025-09-26T13:26:18.636Z,60.9,1,1.569,49.6,0,59.6,0,0,0,0,0,0,0,0,5
2025-09-26T13:26:19.634Z,60.9,1,1.569,50.4,0,59.6,0,0,0,0,0,0,0,0,5
2025-09-26T13:26:20.634Z,60.9,1,1.569,49.6,0,59.6,0,0,0,0,0,0,0,0,5
2025-09-26T13:26:21.632Z,60.9,1,1.569,49.6,0,59.6,0,0,0,0,0,0,0,0,5
2025-09-26T13:26:22.634Z,60.9,1,1.569,50.4,0,59.5,0,0,0,0,0,0,0,0,5
2025-09-26T13:26:23.632Z,60.9,1,1.569,49.6,0,59.5,0,0,0,0,0,0,0,0,5
2025-09-26T13:26:24.633Z,60.9,1,1.569,49.6,0,59.5,0,0,0,0,0,0,0,0,5
2025-09-26T13:26:25.634Z,60.9,1,1.569,50.4,0,59.5,0,0,0,0,0,0,0,0,5
2025-09-26T13:26:26.636Z,60.9,1,1.569,49.6,0,59.5,0,0,0,0,0,0,0,0,5
2025-09-26T13:26:27.634Z,60.9,1,1.569,50.4,0,59.5,0,0,0,0,0,0,0,0,5
2025-09-26T13:26:28.642Z,60.9,1,1.569,50.4,0,59.5,0,0,0,0,0,0,0,0,5
2025-09-26T13:26:29.641Z,60.9,1,1.569,49.6,0,59.5,0,0,0,0,0,0,0,0,5
2025-09-26T13:26:30.638Z,60.9,1,1.569,50.4,0,59.6,0,0,0,0,0,0,0,0,5
2025-09-26T13:26:31.641Z,60.9,1,1.569,49.6,0,59.5,0,0,0,0,0,0,0,0,5
2025-09-26T13:26:32.643Z,60.9,1,1.569,49.6,0,59.5,0,0,0,0,0,0,0,0,5
2025-09-26T13:26:33.643Z,60.9,1,1.569,50.4,0,59.6,0,0,0,0,0,0,0,0,5
2025-09-26T13:26:34.644Z,60.9,1,1.569,49.6,0,59.6,0,0,0,0,0,0,0,0,5
2025-09-26T13:26:35.646Z,60.9,1,1.569,50.4,0,59.6,0,0,0,0,0,0,0,0,5
2025-09-26T13:26:36.643Z,61,1,1.569,50.4,0,59.6,0,0,0,0,0,0,0,0,5
2025-09-26T13:26:37.646Z,61,1,1.569,49.6,0,59.6,0,0,0,0,0,0,0,0,5
2025-09-26T13:26:38.649Z,61,1,1.569,50.4,0,59.6,0,0,0,0,0,0,0,0,5
2025-09-26T13:26:39.647Z,61,1,1.569,49.6,0,59.6,0,0,0,0,0,0,0,0,5
2025-09-26T13:26:40.653Z,61,1,1.569,50.4,0,59.6,0,0,0,0,0,0,0,0,5
2025-09-26T13:26:41.650Z,61,1,1.569,49.6,0,59.6,0,0,0,0,0,0,0,0,5
2025-09-26T13:26:42.653Z,61,1,1.569,49.6,0,59.6,0,0,0,0,0,0,0,0,5
2025-09-26T13:26:43.652Z,61,1,1.569,50.4,0,59.6,0,0,0,0,0,0,0,0,5
2025-09-26T13:26:44.649Z,61,1,1.569,49.6,0,59.6,0,0,0,0,0,0,0,0,5
2025-09-26T13:26:45.654Z,61,1,1.569,50.4,0,59.6,0,0,0,0,0,0,0,0,5
2025-09-26T13:26:46.652Z,61,1,1.569,50.4,0,59.6,0,0,0,0,0,0,0,0,5
2025-09-26T13:26:47.656Z,61,1,1.569,49.6,0,59.6,0,0,0,0,0,0,0,0,5
2025-09-26T13:26:48.661Z,61,1,1.569,50.4,0,59.6,0,0,0,0,0,0,0,0,5
2025-09-26T13:26:49.664Z,61,1,1.569,49.6,0,59.6,0,0,0,0,0,0,0,0,5
2025-09-26T13:26:50.657Z,61,1,1.569,50.4,0,59.6,0,0,0,0,0,0,0,0,5
2025-09-26T13:26:51.658Z,61,1,1.569,49.6,0,59.6,0,0,0,0,0,0,0,0,5
2025-09-26T13:26:52.656Z,61,1,1.569,50.4,0,59.6,0,0,0,0,0,0,0,0,5
2025-09-26T13:26:53.662Z,61,1,1.569,49.6,0,59.6,0,0,0,0,0,0,0,0,5
2025-09-26T13:26:54.659Z,61,1,1.569,50.4,0,59.6,0,0,0,0,0,0,0,0,5
2025-09-26T13:26:55.663Z,61,1,1.569,49.6,0,59.6,0,0,0,0,0,0,0,0,5
2025-09-26T13:26:56.665Z,61.1,1,1.569,50.4,0,59.6,0,0,0,0,0,0,0,0,5
2025-09-26T13:26:57.666Z,61.1,1,1.569,49.6,0,59.6,0,0,0,0,0,0,0,0,5
2025-09-26T13:26:58.667Z,61.1,1,1.569,50.4,0,59.6,0,0,0,0,0,0,0,0,5
2025-09-26T13:26:59.663Z,61.1,1,1.569,49.6,0,59.6,0,0,0,0,0,0,0,0,5
2025-09-26T13:27:00.666Z,61.1,1,1.569,50.4,0,59.6,0,0,0,0,0,0,0,0,5
2025-09-26T13:27:01.674Z,61.1,1,1.569,49.6,0,59.6,0,0,0,0,0,0,0,0,5
2025-09-26T13:27:02.667Z,61.1,1,1.569,50.4,0,59.6,0,0,0,0,0,0,0,0,5
2025-09-26T13:27:03.671Z,61.1,1,1.569,49.6,0,59.6,0,0,0,0,0,0,0,0,5
2025-09-26T13:27:04.672Z,61.1,1,1.569,50.4,0,59.6,0,0,0,0,0,0,0,0,5
2025-09-26T13:27:05.672Z,61.1,1,1.569,49.6,0,59.6,0,0,0,0,0,0,0,0,5
2025-09-26T13:27:06.675Z,61.1,1,1.569,50.4,0,59.6,0,0,0,0,0,0,0,0,5
2025-09-26T13:27:07.674Z,61.1,1,1.569,49.6,0,59.6,0,0,0,0,0,0,0,0,5
2025-09-26T13:27:08.680Z,61.1,1,1.569,49.6,0,59.6,0,0,0,0,0,0,0,0,5
2025-09-26T13:27:09.676Z,61.1,1,1.569,49.6,0,59.6,0,0,0,0,0,0,0,0,5
2025-09-26T13:27:10.679Z,61.1,1,1.569,49.6,0,59.6,0,0,0,0,0,0,0,0,5
2025-09-26T13:27:11.676Z,61.1,1,1.569,50.4,0,59.6,0,0,0,0,0,0,0,0,5
2025-09-26T13:27:12.675Z,61.1,1,1.569,49.6,0,59.6,0,0,0,0,0,0,0,0,5
2025-09-26T13:27:13.680Z,61.1,1,1.569,49.6,0,59.6,0,0,0,0,0,0,0,0,5
2025-09-26T13:27:14.678Z,61.1,1,1.569,50.4,0,59.6,0,0,0,0,0,0,0,0,5
2025-09-26T13:27:15.677Z,61.1,1,1.569,49.6,0,59.6,0,0,0,0,0,0,0,0,5
2025-09-26T13:27:16.680Z,61.1,1,1.569,49.6,0,59.6,0,0,0,0,0,0,0,0,5
2025-09-26T13:27:17.682Z,61.1,1,1.569,50.4,0,59.6,0,0,0,0,0,0,0,0,5
2025-09-26T13:27:18.678Z,61.2,1,1.569,49.6,0,59.7,0,0,0,0,0,0,0,0,5
2025-09-26T13:27:19.677Z,61.2,1,1.569,49.6,0,59.6,0,0,0,0,0,0,0,0,5
2025-09-26T13:27:20.686Z,61.2,1,1.569,50.4,0,59.6,0,0,0,0,0,0,0,0,5
2025-09-26T13:27:21.683Z,61.2,1,1.569,49.6,0,59.6,0,0,0,0,0,0,0,0,5
2025-09-26T13:27:22.686Z,61.2,1,1.569,49.6,0,59.6,0,0,0,0,0,0,0,0,5
2025-09-26T13:27:23.681Z,61.2,1,1.569,50.4,0,59.6,0,0,0,0,0,0,0,0,5
2025-09-26T13:27:24.683Z,61.2,1,1.569,50.4,0,59.6,0,0,0,0,0,0,0,0,5
2025-09-26T13:27:25.689Z,61.2,1,1.569,49.6,0,59.6,0,0,0,0,0,0,0,0,5
2025-09-26T13:27:26.689Z,61.2,1,1.569,50.4,0,59.6,0,0,0,0,0,0,0,0,5
2025-09-26T13:27:27.687Z,61.2,1,1.569,49.6,0,59.7,0,0,0,0,0,0,0,0,5
2025-09-26T13:27:28.689Z,61.2,1,1.569,49.6,0,59.6,0,0,0,0,0,0,0,0,5
2025-09-26T13:27:29.689Z,61.2,1,1.569,50.4,0,59.6,0,0,0,0,0,0,0,0,5
2025-09-26T13:27:30.691Z,61.2,1,1.569,50.4,0,59.6,0,0,0,0,0,0,0,0,5
2025-09-26T13:27:31.693Z,61.2,1,1.569,49.6,0,59.6,0,0,0,0,0,0,0,0,5
2025-09-26T13:27:32.694Z,61.2,1,1.569,50.4,0,59.6,0,0,0,0,0,0,0,0,5
2025-09-26T13:27:33.691Z,61.2,1,1.569,49.6,0,59.6,0,0,0,0,0,0,0,0,5
2025-09-26T13:27:34.695Z,61.2,1,1.569,50.4,0,59.6,0,0,0,0,0,0,0,0,5
2025-09-26T13:27:35.695Z,61.2,1,1.569,49.6,0,59.6,0,0,0,0,0,0,0,0,5
2025-09-26T13:27:36.698Z,61.2,1,1.569,49.6,0,59.6,0,0,0,0,0,0,0,0,5
2025-09-26T13:27:37.701Z,61.2,1,1.569,50.4,0,59.6,0,0,0,0,0,0,0,0,5
2025-09-26T13:27:38.700Z,61.2,1,1.569,49.6,0,59.6,0,0,0,0,0,0,0,0,5
2025-09-26T13:27:39.700Z,61.2,1,1.569,49.6,0,59.6,0,0,0,0,0,0,0,0,5
2025-09-26T13:27:39.700Z,61.2,1,1.569,49.6,0,59.6,0,0,0,0,0,0,0,0,5
2025-09-26T13:27:41.705Z,61.2,1,1.569,49.6,0,59.6,0,0,0,0,0,0,0,0,5
2025-09-26T13:27:42.704Z,61.2,1,1.569,49.6,0,59.7,0,0,0,0,0,0,0,0,5
2025-09-26T13:27:43.704Z,61.2,1,1.569,50.4,0,59.7,0,0,0,0,0,0,0,0,5
2025-09-26T13:27:44.704Z,61.2,1,1.569,50.4,0,59.7,0,0,0,0,0,0,0,0,5
2025-09-26T13:27:45.707Z,61.2,1,1.569,49.6,0,59.7,0,0,0,0,0,0,0,0,5
2025-09-26T13:27:46.711Z,61.2,1,1.569,50.4,0,59.7,0,0,0,0,0,0,0,0,5
2025-09-26T13:27:47.708Z,61.2,1,1.569,50.4,0,59.7,0,0,0,0,0,0,0,0,5
2025-09-26T13:27:48.708Z,61.2,1,1.569,49.6,0,59.7,0,0,0,0,0,0,0,0,5
2025-09-26T13:27:49.709Z,61.2,1,1.569,50.4,0,59.7,0,0,0,0,0,0,0,0,5
2025-09-26T13:27:50.713Z,61.2,1,1.569,49.6,0,59.7,0,0,0,0,0,0,0,0,5
2025-09-26T13:27:51.708Z,61.2,1,1.569,50.4,0,59.7,0,0,0,0,0,0,0,0,5
2025-09-26T13:27:52.710Z,61.2,1,1.569,50.4,0,59.7,0,0,0,0,0,0,0,0,5
2025-09-26T13:27:53.709Z,61.2,1,1.569,49.6,0,59.7,0,0,0,0,0,0,0,0,5
2025-09-26T13:27:54.710Z,61.2,1,1.569,50.4,0,59.7,0,0,0,0,0,0,0,0,5
2025-09-26T13:27:55.717Z,61.2,1,1.569,49.6,0,59.7,0,0,0,0,0,0,0,0,5
2025-09-26T13:27:56.712Z,61.2,1,1.569,50.4,0,59.7,0,0,0,0,0,0,0,0,5
2025-09-26T13:27:57.714Z,61.2,1,1.569,49.6,0,59.7,0,0,0,0,0,0,0,0,5
2025-09-26T13:27:58.717Z,61.2,1,1.569,49.6,0,59.7,0,0,0,0,0,0,0,0,5
2025-09-26T13:27:59.714Z,61.2,1,1.569,50.4,0,59.7,0,0,0,0,0,0,0,0,5
2025-09-26T13:28:00.717Z,61.2,1,1.569,49.6,0,59.7,0,0,0,0,0,0,0,0,5
2025-09-26T13:28:01.717Z,61.2,1,1.569,50.4,0,59.7,0,0,0,0,0,0,0,0,5
2025-09-26T13:28:02.717Z,61.2,1,1.569,49.6,0,59.7,0,0,0,0,0,0,0,0,5
2025-09-26T13:28:03.718Z,61.2,1,1.569,49.6,0,59.7,0,0,0,0,0,0,0,0,5
2025-09-26T13:28:04.719Z,61.2,1,1.569,50.4,0,59.7,0,0,0,0,0,0,0,0,5
2025-09-26T13:28:05.722Z,61.2,1,1.569,49.6,0,59.7,0,0,0,0,0,0,0,0,5
2025-09-26T13:28:06.722Z,61.2,1,1.569,49.6,0,59.7,0,0,0,0,0,0,0,0,5
